{
  "sample_id": "1094552_DF_251_251BDF0052_03779",
  "TP": 137,
  "TN": 194568,
  "FP": 313,
  "FN": 821,
  "Accuracy": 0.9942095292561747,
  "Precision": 0.30444444444444446,
  "Recall": 0.1430062630480167,
  "Specificity": 0.9983938916569599,
  "FPR": 0.0016061083430401117,
  "FNR": 0.8569937369519833,
  "F1": 0.19460227272727273,
  "IoU": 0.1077891424075531,
  "Dice": 0.19460227272727273,
  "MCC": 0.2060445240237727
}