{
  "sample_id": "1092850_DF_251_251BDF0052_00679",
  "TP": 2222,
  "TN": 173559,
  "FP": 16338,
  "FN": 3720,
  "Accuracy": 0.8975791338803814,
  "Precision": 0.1197198275862069,
  "Recall": 0.3739481656008078,
  "Specificity": 0.9139638856853979,
  "FPR": 0.08603611431460213,
  "FNR": 0.6260518343991922,
  "F1": 0.1813729491470084,
  "IoU": 0.09973070017953321,
  "Dice": 0.1813729491470084,
  "MCC": 0.1686038886136456
}