{
  "sample_id": "1092938_DF_251_251BDF0052_00835",
  "TP": 917,
  "TN": 183691,
  "FP": 5861,
  "FN": 5370,
  "Accuracy": 0.9426518722011448,
  "Precision": 0.13529064620832104,
  "Recall": 0.14585652934627008,
  "Specificity": 0.9690797248248502,
  "FPR": 0.030920275175149826,
  "FNR": 0.8541434706537299,
  "F1": 0.1403750478377344,
  "IoU": 0.07548567665459335,
  "Dice": 0.1403750478377344,
  "MCC": 0.11083864229425074
}