{
  "sample_id": "1094285_DF_251_251BDF0052_03285",
  "TP": 781,
  "TN": 189277,
  "FP": 4498,
  "FN": 1283,
  "Accuracy": 0.9704808541710283,
  "Precision": 0.1479446864936541,
  "Recall": 0.37839147286821706,
  "Specificity": 0.976787511288866,
  "FPR": 0.023212488711134047,
  "FNR": 0.6216085271317829,
  "F1": 0.21271959689500206,
  "IoU": 0.11901859189271563,
  "Dice": 0.21271959689500206,
  "MCC": 0.22395423373842366
}