{
  "sample_id": "1092842_DF_251_251BDF0052_00665",
  "TP": 343,
  "TN": 189776,
  "FP": 2859,
  "FN": 2861,
  "Accuracy": 0.9707923345196819,
  "Precision": 0.10712054965646471,
  "Recall": 0.10705368289637952,
  "Specificity": 0.9851584603005684,
  "FPR": 0.014841539699431567,
  "FNR": 0.8929463171036205,
  "F1": 0.10708710583827662,
  "IoU": 0.05657265380174831,
  "Dice": 0.10708710583827662,
  "MCC": 0.0922404581630811
}