{
  "sample_id": "1093251_DF_251_251BDF0052_01417",
  "TP": 176,
  "TN": 193207,
  "FP": 1094,
  "FN": 1362,
  "Accuracy": 0.987459086290269,
  "Precision": 0.13858267716535433,
  "Recall": 0.11443433029908973,
  "Specificity": 0.9943695606301564,
  "FPR": 0.005630439369843696,
  "FNR": 0.8855656697009102,
  "F1": 0.12535612535612536,
  "IoU": 0.0668693009118541,
  "Dice": 0.12535612535612536,
  "MCC": 0.11965240385382249
}