{
  "sample_id": "1092961_DF_251_251BDF0052_00876",
  "TP": 405,
  "TN": 189774,
  "FP": 4046,
  "FN": 1614,
  "Accuracy": 0.9710987086331119,
  "Precision": 0.09099078858683442,
  "Recall": 0.20059435364041606,
  "Specificity": 0.9791249613043029,
  "FPR": 0.02087503869569704,
  "FNR": 0.799405646359584,
  "F1": 0.125193199381762,
  "IoU": 0.06677658697444352,
  "Dice": 0.125193199381762,
  "MCC": 0.12180806925713676
}