{
  "sample_id": "1097209_DF_070_070BDF0010_04090",
  "TP": 0,
  "TN": 195223,
  "FP": 393,
  "FN": 223,
  "Accuracy": 0.9968545591021196,
  "Precision": 0.0,
  "Recall": 0.0,
  "Specificity": 0.9979909618845084,
  "FPR": 0.0020090381154915754,
  "FNR": 1.0,
  "F1": 0.0,
  "IoU": 0.0,
  "Dice": 0.0,
  "MCC": -0.0015140252787235642
}