{
  "sample_id": "1092989_DF_251_251BDF0052_00925",
  "TP": 604,
  "TN": 186846,
  "FP": 6509,
  "FN": 1880,
  "Accuracy": 0.9571637927072748,
  "Precision": 0.08491494446787572,
  "Recall": 0.2431561996779388,
  "Specificity": 0.9663365312508081,
  "FPR": 0.0336634687491919,
  "FNR": 0.7568438003220612,
  "F1": 0.1258726685422528,
  "IoU": 0.06716334927165574,
  "Dice": 0.1258726685422528,
  "MCC": 0.12530840023025114
}