{
  "sample_id": "1092987_DF_251_251BDF0052_00921",
  "TP": 234,
  "TN": 191902,
  "FP": 2734,
  "FN": 969,
  "Accuracy": 0.9810916109661507,
  "Precision": 0.07884097035040431,
  "Recall": 0.19451371571072318,
  "Specificity": 0.9859532666104934,
  "FPR": 0.014046733389506566,
  "FNR": 0.8054862842892768,
  "F1": 0.11220330855909853,
  "IoU": 0.05943611887223774,
  "Dice": 0.11220330855909853,
  "MCC": 0.11541884951084165
}