{
  "sample_id": "1094289_DF_251_251BDF0052_03293",
  "TP": 307,
  "TN": 190724,
  "FP": 3757,
  "FN": 1051,
  "Accuracy": 0.9754492210438166,
  "Precision": 0.07554133858267717,
  "Recall": 0.2260677466863034,
  "Specificity": 0.9806819175137931,
  "FPR": 0.019318082486206877,
  "FNR": 0.7739322533136966,
  "F1": 0.11324234599778679,
  "IoU": 0.06001955034213099,
  "Dice": 0.11324234599778679,
  "MCC": 0.12035397594265744
}