{
  "sample_id": "1092983_DF_251_251BDF0052_00914",
  "TP": 1388,
  "TN": 188568,
  "FP": 3963,
  "FN": 1920,
  "Accuracy": 0.9699600181781974,
  "Precision": 0.2593907680807326,
  "Recall": 0.4195888754534462,
  "Specificity": 0.979416301790361,
  "FPR": 0.020583698209638967,
  "FNR": 0.5804111245465539,
  "F1": 0.320591292297032,
  "IoU": 0.19089533764269015,
  "Dice": 0.320591292297032,
  "MCC": 0.3153990116561219
}