{
  "sample_id": "1092937_DF_251_251BDF0052_00833",
  "TP": 628,
  "TN": 186298,
  "FP": 6777,
  "FN": 2136,
  "Accuracy": 0.954488125449987,
  "Precision": 0.08480756245779879,
  "Recall": 0.2272069464544139,
  "Specificity": 0.9648996503949242,
  "FPR": 0.03510034960507575,
  "FNR": 0.7727930535455861,
  "F1": 0.1235126364440948,
  "IoU": 0.0658211927470915,
  "Dice": 0.1235126364440948,
  "MCC": 0.11880429859508264
}