{
  "sample_id": "1092844_DF_251_251BDF0052_00669",
  "TP": 353,
  "TN": 189516,
  "FP": 3387,
  "FN": 2583,
  "Accuracy": 0.969515775713724,
  "Precision": 0.09438502673796792,
  "Recall": 0.12023160762942779,
  "Specificity": 0.982441952691249,
  "FPR": 0.017558047308751032,
  "FNR": 0.8797683923705722,
  "F1": 0.10575194727381666,
  "IoU": 0.055827929780167644,
  "Dice": 0.10575194727381666,
  "MCC": 0.09116072811542351
}