{
  "sample_id": "1092855_DF_251_251BDF0052_00689",
  "TP": 212,
  "TN": 191489,
  "FP": 2284,
  "FN": 1854,
  "Accuracy": 0.9788703986437839,
  "Precision": 0.08493589743589744,
  "Recall": 0.10261374636979671,
  "Specificity": 0.9882130121327533,
  "FPR": 0.011786987867246726,
  "FNR": 0.8973862536302033,
  "F1": 0.09294169224024551,
  "IoU": 0.04873563218390804,
  "Dice": 0.09294169224024551,
  "MCC": 0.08272544045109335
}