{
  "sample_id": "1092856_DF_251_251BDF0052_00690",
  "TP": 23,
  "TN": 194461,
  "FP": 763,
  "FN": 592,
  "Accuracy": 0.9930810512717079,
  "Precision": 0.029262086513994912,
  "Recall": 0.03739837398373984,
  "Specificity": 0.9960916690570831,
  "FPR": 0.003908330942916855,
  "FNR": 0.9626016260162602,
  "F1": 0.03283369022127052,
  "IoU": 0.016690856313497822,
  "Dice": 0.03283369022127052,
  "MCC": 0.02963686602076837
}