{
  "sample_id": "1093339_DF_251_251BDF0052_01599",
  "TP": 344,
  "TN": 187851,
  "FP": 5521,
  "FN": 2123,
  "Accuracy": 0.9609679379490296,
  "Precision": 0.05865302642796249,
  "Recall": 0.139440616132955,
  "Specificity": 0.9714488136855387,
  "FPR": 0.028551186314461244,
  "FNR": 0.860559383867045,
  "F1": 0.08257321171387422,
  "IoU": 0.04306459689534301,
  "Dice": 0.08257321171387422,
  "MCC": 0.07255885617983744
}