{
  "sample_id": "1094000_DF_251_251BDF0052_02753",
  "TP": 551,
  "TN": 189208,
  "FP": 4906,
  "FN": 1174,
  "Accuracy": 0.9689540898391026,
  "Precision": 0.10097122961334067,
  "Recall": 0.3194202898550725,
  "Specificity": 0.9747261918254222,
  "FPR": 0.025273808174577826,
  "FNR": 0.6805797101449276,
  "F1": 0.15343915343915343,
  "IoU": 0.0830945558739255,
  "Dice": 0.15343915343915343,
  "MCC": 0.16699240444930183
}