{
  "sample_id": "1092946_DF_251_251BDF0052_00848",
  "TP": 21,
  "TN": 194574,
  "FP": 828,
  "FN": 416,
  "Accuracy": 0.9936478433815532,
  "Precision": 0.024734982332155476,
  "Recall": 0.04805491990846682,
  "Specificity": 0.9957625817545368,
  "FPR": 0.004237418245463199,
  "FNR": 0.9519450800915332,
  "F1": 0.03265940902021773,
  "IoU": 0.016600790513833993,
  "Dice": 0.03265940902021773,
  "MCC": 0.03146971557922133
}