{
  "sample_id": "1093019_DF_251_251BDF0052_00978",
  "TP": 1590,
  "TN": 184166,
  "FP": 5383,
  "FN": 4700,
  "Accuracy": 0.9485138302381038,
  "Precision": 0.22802237200631006,
  "Recall": 0.2527821939586645,
  "Specificity": 0.971601010820421,
  "FPR": 0.028398989179578896,
  "FNR": 0.7472178060413355,
  "F1": 0.23976475910427505,
  "IoU": 0.1362117707530198,
  "Dice": 0.23976475910427505,
  "MCC": 0.21349597622537606
}