{
  "sample_id": "1093251_DF_251_251BDF0052_01417",
  "TP": 310,
  "TN": 192055,
  "FP": 2246,
  "FN": 1228,
  "Accuracy": 0.9822609388324083,
  "Precision": 0.12128325508607199,
  "Recall": 0.20156046814044212,
  "Specificity": 0.9884406153339407,
  "FPR": 0.011559384666059361,
  "FNR": 0.7984395318595578,
  "F1": 0.15144113336590131,
  "IoU": 0.08192389006342495,
  "Dice": 0.15144113336590131,
  "MCC": 0.14777280240485716
}