{
  "sample_id": "1092861_DF_251_251BDF0052_00699",
  "TP": 347,
  "TN": 189962,
  "FP": 2772,
  "FN": 2758,
  "Accuracy": 0.97176251921221,
  "Precision": 0.11125360692529657,
  "Recall": 0.11175523349436393,
  "Specificity": 0.9856174831633235,
  "FPR": 0.014382516836676455,
  "FNR": 0.8882447665056361,
  "F1": 0.11150385604113111,
  "IoU": 0.05904372979411264,
  "Dice": 0.11150385604113111,
  "MCC": 0.09715746517819333
}