{
  "sample_id": "1094553_DF_251_251BDF0052_03781",
  "TP": 946,
  "TN": 189035,
  "FP": 4534,
  "FN": 1324,
  "Accuracy": 0.9700876740587931,
  "Precision": 0.17262773722627736,
  "Recall": 0.4167400881057269,
  "Specificity": 0.9765768279011618,
  "FPR": 0.02342317209883814,
  "FNR": 0.5832599118942732,
  "F1": 0.2441290322580645,
  "IoU": 0.13903586125808348,
  "Dice": 0.2441290322580645,
  "MCC": 0.2552680556673589
}