{
  "sample_id": "1092982_DF_251_251BDF0052_00912",
  "TP": 1635,
  "TN": 184369,
  "FP": 7494,
  "FN": 2341,
  "Accuracy": 0.949780176573614,
  "Precision": 0.17909957279000985,
  "Recall": 0.41121730382293764,
  "Specificity": 0.9609408796901956,
  "FPR": 0.03905912030980439,
  "FNR": 0.5887826961770624,
  "F1": 0.24952308279282717,
  "IoU": 0.14254577157802964,
  "Dice": 0.24952308279282717,
  "MCC": 0.248972272623882
}