{
  "sample_id": "1093506_DF_251_251BDF0052_01885",
  "TP": 76,
  "TN": 193837,
  "FP": 942,
  "FN": 984,
  "Accuracy": 0.9901653909588999,
  "Precision": 0.07465618860510806,
  "Recall": 0.07169811320754717,
  "Specificity": 0.995163749685541,
  "FPR": 0.004836250314458951,
  "FNR": 0.9283018867924528,
  "F1": 0.07314725697786333,
  "IoU": 0.03796203796203796,
  "Dice": 0.07314725697786333,
  "MCC": 0.06821984025151134
}