{
  "sample_id": "1093000_DF_251_251BDF0052_00945",
  "TP": 149,
  "TN": 191727,
  "FP": 3184,
  "FN": 779,
  "Accuracy": 0.9797639898079545,
  "Precision": 0.0447044704470447,
  "Recall": 0.16056034482758622,
  "Specificity": 0.9836643391086188,
  "FPR": 0.016335660891381193,
  "FNR": 0.8394396551724138,
  "F1": 0.06993663459281858,
  "IoU": 0.03623540856031129,
  "Dice": 0.06993663459281858,
  "MCC": 0.07657587481473857
}