{
  "sample_id": "1095878_DF_070_070BDF0010_01692",
  "TP": 645,
  "TN": 187874,
  "FP": 4668,
  "FN": 2652,
  "Accuracy": 0.9626223581615511,
  "Precision": 0.12140033879164314,
  "Recall": 0.19563239308462238,
  "Specificity": 0.9757559389639663,
  "FPR": 0.024244061036033698,
  "FNR": 0.8043676069153776,
  "F1": 0.14982578397212543,
  "IoU": 0.08097928436911488,
  "Dice": 0.14982578397212543,
  "MCC": 0.13572393181410888
}