{
  "sample_id": "1093101_DF_251_251BDF0052_01121",
  "TP": 1396,
  "TN": 180452,
  "FP": 8247,
  "FN": 5744,
  "Accuracy": 0.928558662983369,
  "Precision": 0.1447682256559162,
  "Recall": 0.19551820728291316,
  "Specificity": 0.956295475863677,
  "FPR": 0.04370452413632293,
  "FNR": 0.8044817927170869,
  "F1": 0.16635881546803313,
  "IoU": 0.09072593747969065,
  "Dice": 0.16635881546803313,
  "MCC": 0.1315084215694728
}