{
  "sample_id": "1092859_DF_251_251BDF0052_00695",
  "TP": 157,
  "TN": 192258,
  "FP": 1657,
  "FN": 1767,
  "Accuracy": 0.9825162505935998,
  "Precision": 0.08654906284454245,
  "Recall": 0.0816008316008316,
  "Specificity": 0.9914550189516025,
  "FPR": 0.008544981048397494,
  "FNR": 0.9183991683991684,
  "F1": 0.08400214018191546,
  "IoU": 0.043842502094387045,
  "Dice": 0.08400214018191546,
  "MCC": 0.07521695537496256
}