{
  "sample_id": "1092905_DF_251_251BDF0052_00777",
  "TP": 1458,
  "TN": 178927,
  "FP": 5692,
  "FN": 9762,
  "Accuracy": 0.921088240850903,
  "Precision": 0.20391608391608393,
  "Recall": 0.12994652406417112,
  "Specificity": 0.969168937108315,
  "FPR": 0.030831062891685038,
  "FNR": 0.8700534759358288,
  "F1": 0.1587370713119216,
  "IoU": 0.08621097445600757,
  "Dice": 0.1587370713119216,
  "MCC": 0.1228145211578294
}