{
  "sample_id": "1094288_DF_251_251BDF0052_03291",
  "TP": 309,
  "TN": 192360,
  "FP": 2289,
  "FN": 881,
  "Accuracy": 0.9838132343404531,
  "Precision": 0.11893764434180139,
  "Recall": 0.2596638655462185,
  "Specificity": 0.9882403711295716,
  "FPR": 0.011759628870428309,
  "FNR": 0.7403361344537815,
  "F1": 0.1631467793030623,
  "IoU": 0.08881862604196608,
  "Dice": 0.1631467793030623,
  "MCC": 0.16838922826836084
}