{
  "sample_id": "1097237_DF_070_070BDF0010_04139",
  "TP": 155,
  "TN": 191564,
  "FP": 582,
  "FN": 3538,
  "Accuracy": 0.9789623108778129,
  "Precision": 0.21031207598371776,
  "Recall": 0.04197129704847008,
  "Specificity": 0.9969710532615823,
  "FPR": 0.0030289467384176615,
  "FNR": 0.95802870295153,
  "F1": 0.06997742663656885,
  "IoU": 0.03625730994152047,
  "Dice": 0.06997742663656885,
  "MCC": 0.08650931683121497
}