{
  "sample_id": "1095878_DF_070_070BDF0010_01692",
  "TP": 837,
  "TN": 186429,
  "FP": 6113,
  "FN": 2460,
  "Accuracy": 0.9562242454260897,
  "Precision": 0.12043165467625899,
  "Recall": 0.2538671519563239,
  "Specificity": 0.9682510828806182,
  "FPR": 0.03174891711938174,
  "FNR": 0.7461328480436761,
  "F1": 0.16336488728408316,
  "IoU": 0.08894792773645059,
  "Dice": 0.16336488728408316,
  "MCC": 0.15445810076690425
}