{
  "sample_id": "1092870_DF_251_251BDF0052_00715",
  "TP": 647,
  "TN": 186074,
  "FP": 6662,
  "FN": 2456,
  "Accuracy": 0.9534413472291015,
  "Precision": 0.08852100150499384,
  "Recall": 0.20850789558491784,
  "Specificity": 0.9654345840943052,
  "FPR": 0.034565415905694834,
  "FNR": 0.7914921044150822,
  "F1": 0.12427967729542835,
  "IoU": 0.06625704045058883,
  "Dice": 0.12427967729542835,
  "MCC": 0.1145931745620156
}