{
  "sample_id": "1092852_DF_251_251BDF0052_00683",
  "TP": 214,
  "TN": 191324,
  "FP": 2076,
  "FN": 2225,
  "Accuracy": 0.9780380823022994,
  "Precision": 0.09344978165938865,
  "Recall": 0.08774087740877409,
  "Specificity": 0.9892657704239918,
  "FPR": 0.010734229576008274,
  "FNR": 0.9122591225912259,
  "F1": 0.09050539226052019,
  "IoU": 0.04739756367663345,
  "Dice": 0.09050539226052019,
  "MCC": 0.07944181292335742
}