{
  "sample_id": "1092960_DF_251_251BDF0052_00874",
  "TP": 529,
  "TN": 189328,
  "FP": 3333,
  "FN": 2649,
  "Accuracy": 0.969454500891038,
  "Precision": 0.13697566027964786,
  "Recall": 0.16645689112649464,
  "Specificity": 0.982700183223382,
  "FPR": 0.017299816776617998,
  "FNR": 0.8335431088735054,
  "F1": 0.15028409090909092,
  "IoU": 0.08124712025802489,
  "Dice": 0.15028409090909092,
  "MCC": 0.13554608325325254
}