{
  "sample_id": "1092901_DF_251_251BDF0052_00770",
  "TP": 232,
  "TN": 190285,
  "FP": 3641,
  "FN": 1681,
  "Accuracy": 0.972824616138767,
  "Precision": 0.059901884843790346,
  "Recall": 0.12127548353371667,
  "Specificity": 0.9812247970875488,
  "FPR": 0.01877520291245114,
  "FNR": 0.8787245164662834,
  "F1": 0.08019357068786727,
  "IoU": 0.04177169607490097,
  "Dice": 0.08019357068786727,
  "MCC": 0.07240434897458947
}