{
  "sample_id": "1094173_DF_251_251BDF0052_03073",
  "TP": 193,
  "TN": 191542,
  "FP": 2238,
  "FN": 1866,
  "Accuracy": 0.9790440106413942,
  "Precision": 0.07939119703825587,
  "Recall": 0.09373482272948033,
  "Specificity": 0.9884508205181133,
  "FPR": 0.011549179481886676,
  "FNR": 0.9062651772705197,
  "F1": 0.08596881959910913,
  "IoU": 0.04491505701652316,
  "Dice": 0.08596881959910913,
  "MCC": 0.07570924430944612
}