{
  "sample_id": "1092962_DF_251_251BDF0052_00877",
  "TP": 1284,
  "TN": 186596,
  "FP": 5982,
  "FN": 1977,
  "Accuracy": 0.9593594738535225,
  "Precision": 0.17671345995045418,
  "Recall": 0.3937442502299908,
  "Specificity": 0.9689372617848352,
  "FPR": 0.031062738215164764,
  "FNR": 0.6062557497700092,
  "F1": 0.243944143630664,
  "IoU": 0.1389159363842908,
  "Dice": 0.243944143630664,
  "MCC": 0.24553686198100197
}