{
  "sample_id": "1094253_DF_251_251BDF0052_03226",
  "TP": 320,
  "TN": 192148,
  "FP": 2027,
  "FN": 1344,
  "Accuracy": 0.982786881060463,
  "Precision": 0.13634426927993182,
  "Recall": 0.19230769230769232,
  "Specificity": 0.9895609630487961,
  "FPR": 0.01043903695120381,
  "FNR": 0.8076923076923077,
  "F1": 0.15956120668162552,
  "IoU": 0.08669737198591168,
  "Dice": 0.15956120668162552,
  "MCC": 0.15340627414093724
}