{
  "sample_id": "1093936_DF_251_251BDF0052_02637",
  "TP": 3,
  "TN": 195410,
  "FP": 195,
  "FN": 231,
  "Accuracy": 0.9978247437946477,
  "Precision": 0.015151515151515152,
  "Recall": 0.01282051282051282,
  "Specificity": 0.9990030929679712,
  "FPR": 0.0009969070320288336,
  "FNR": 0.9871794871794872,
  "F1": 0.013888888888888888,
  "IoU": 0.006993006993006993,
  "Dice": 0.013888888888888888,
  "MCC": 0.012852431976627934
}