{
  "sample_id": "1094259_DF_251_251BDF0052_03238",
  "TP": 461,
  "TN": 190688,
  "FP": 1856,
  "FN": 2834,
  "Accuracy": 0.9760517568002287,
  "Precision": 0.19896417781614156,
  "Recall": 0.13990895295902883,
  "Specificity": 0.990360644839621,
  "FPR": 0.009639355160378926,
  "FNR": 0.8600910470409712,
  "F1": 0.16429080541696364,
  "IoU": 0.08949718501261891,
  "Dice": 0.16429080541696364,
  "MCC": 0.15495571129095784
}