{
  "sample_id": "1095846_DF_070_070BDF0010_01635",
  "TP": 65,
  "TN": 194306,
  "FP": 619,
  "FN": 849,
  "Accuracy": 0.9925040466914149,
  "Precision": 0.09502923976608187,
  "Recall": 0.0711159737417943,
  "Specificity": 0.9968244196485828,
  "FPR": 0.0031755803514172116,
  "FNR": 0.9288840262582057,
  "F1": 0.08135168961201501,
  "IoU": 0.042400521852576645,
  "Dice": 0.08135168961201501,
  "MCC": 0.07849048891923126
}