{
  "sample_id": "1093968_DF_251_251BDF0052_02694",
  "TP": 443,
  "TN": 187787,
  "FP": 3556,
  "FN": 4053,
  "Accuracy": 0.9611466561818637,
  "Precision": 0.1107776944236059,
  "Recall": 0.09853202846975088,
  "Specificity": 0.9814155730808025,
  "FPR": 0.018584426919197462,
  "FNR": 0.9014679715302492,
  "F1": 0.10429664508534432,
  "IoU": 0.0550173869846001,
  "Dice": 0.10429664508534432,
  "MCC": 0.08466025944984992
}