{
  "sample_id": "1093339_DF_251_251BDF0052_01599",
  "TP": 199,
  "TN": 190758,
  "FP": 2614,
  "FN": 2268,
  "Accuracy": 0.975071359637253,
  "Precision": 0.07074297902595095,
  "Recall": 0.0806647750304013,
  "Specificity": 0.9864820139420392,
  "FPR": 0.013517986057960821,
  "FNR": 0.9193352249695987,
  "F1": 0.07537878787878788,
  "IoU": 0.03916551859870104,
  "Dice": 0.07537878787878788,
  "MCC": 0.06293813168470272
}