{
  "sample_id": "1092858_DF_251_251BDF0052_00694",
  "TP": 414,
  "TN": 189918,
  "FP": 2444,
  "FN": 3063,
  "Accuracy": 0.9718799626223582,
  "Precision": 0.14485654303708886,
  "Recall": 0.11906816220880069,
  "Specificity": 0.9872947879518824,
  "FPR": 0.012705212048117611,
  "FNR": 0.8809318377911993,
  "F1": 0.13070244672454617,
  "IoU": 0.06992062151663571,
  "Dice": 0.13070244672454617,
  "MCC": 0.11712887540528463
}