{
  "sample_id": "1093982_DF_251_251BDF0052_02720",
  "TP": 4,
  "TN": 195690,
  "FP": 74,
  "FN": 71,
  "Accuracy": 0.9992595958925444,
  "Precision": 0.05128205128205128,
  "Recall": 0.05333333333333334,
  "Specificity": 0.9996219938293047,
  "FPR": 0.000378006170695327,
  "FNR": 0.9466666666666667,
  "F1": 0.05228758169934641,
  "IoU": 0.026845637583892617,
  "Dice": 0.05228758169934641,
  "MCC": 0.05192736837450997
}