{
  "sample_id": "1092941_DF_251_251BDF0052_00839",
  "TP": 170,
  "TN": 192415,
  "FP": 1734,
  "FN": 1520,
  "Accuracy": 0.9833843105816512,
  "Precision": 0.08928571428571429,
  "Recall": 0.10059171597633136,
  "Specificity": 0.9910687152650799,
  "FPR": 0.008931284734920088,
  "FNR": 0.8994082840236687,
  "F1": 0.09460211463550362,
  "IoU": 0.04964953271028037,
  "Dice": 0.09460211463550362,
  "MCC": 0.08640348470351349
}