{
  "sample_id": "1092893_DF_251_251BDF0052_00755",
  "TP": 460,
  "TN": 190414,
  "FP": 2173,
  "FN": 2792,
  "Accuracy": 0.974647542113675,
  "Precision": 0.17470565894417014,
  "Recall": 0.14145141451414514,
  "Specificity": 0.98871678773749,
  "FPR": 0.011283212262509931,
  "FNR": 0.8585485854858549,
  "F1": 0.15632965165675447,
  "IoU": 0.0847926267281106,
  "Dice": 0.15632965165675447,
  "MCC": 0.1444301709077154
}