{
  "sample_id": "1093099_DF_251_251BDF0052_01118",
  "TP": 1429,
  "TN": 180948,
  "FP": 10553,
  "FN": 2909,
  "Accuracy": 0.9312598614167761,
  "Precision": 0.11926222667334335,
  "Recall": 0.3294144767173813,
  "Specificity": 0.9448932381554144,
  "FPR": 0.05510676184458567,
  "FNR": 0.6705855232826187,
  "F1": 0.17512254901960783,
  "IoU": 0.09596400510375394,
  "Dice": 0.17512254901960783,
  "MCC": 0.16844711485390604
}