{
  "sample_id": "1094702_DF_251_251BDF0052_04058",
  "TP": 23,
  "TN": 194108,
  "FP": 1120,
  "FN": 588,
  "Accuracy": 0.9912785502376953,
  "Precision": 0.020122484689413824,
  "Recall": 0.03764320785597381,
  "Specificity": 0.9942631179953695,
  "FPR": 0.005736882004630483,
  "FNR": 0.9623567921440261,
  "F1": 0.026225769669327253,
  "IoU": 0.013287117273252455,
  "Dice": 0.026225769669327253,
  "MCC": 0.023359676505890783
}