{
  "sample_id": "1094287_DF_251_251BDF0052_03289",
  "TP": 168,
  "TN": 191656,
  "FP": 2960,
  "FN": 1055,
  "Accuracy": 0.9794984655763153,
  "Precision": 0.05370843989769821,
  "Recall": 0.1373671300081766,
  "Specificity": 0.9847905619270769,
  "FPR": 0.01520943807292309,
  "FNR": 0.8626328699918234,
  "F1": 0.0772236267524707,
  "IoU": 0.0401625627540043,
  "Dice": 0.0772236267524707,
  "MCC": 0.07676030529842047
}