{
  "sample_id": "1092936_DF_251_251BDF0052_00831",
  "TP": 47,
  "TN": 194394,
  "FP": 681,
  "FN": 717,
  "Accuracy": 0.9928614831570831,
  "Precision": 0.06456043956043957,
  "Recall": 0.061518324607329845,
  "Specificity": 0.9965090349865436,
  "FPR": 0.003490965013456363,
  "FNR": 0.9384816753926701,
  "F1": 0.06300268096514745,
  "IoU": 0.032525951557093424,
  "Dice": 0.06300268096514745,
  "MCC": 0.05943930591390839
}