{
  "sample_id": "1092862_DF_251_251BDF0052_00701",
  "TP": 469,
  "TN": 188360,
  "FP": 4823,
  "FN": 2187,
  "Accuracy": 0.9642052910809389,
  "Precision": 0.08862433862433862,
  "Recall": 0.17658132530120482,
  "Specificity": 0.975034035085903,
  "FPR": 0.024965964914096996,
  "FNR": 0.8234186746987951,
  "F1": 0.11801711122294917,
  "IoU": 0.06270891830458618,
  "Dice": 0.11801711122294917,
  "MCC": 0.10815104382750554
}