{
  "sample_id": "1092892_DF_251_251BDF0052_00753",
  "TP": 1256,
  "TN": 184064,
  "FP": 7774,
  "FN": 2745,
  "Accuracy": 0.9462875116805131,
  "Precision": 0.1390919158361019,
  "Recall": 0.31392151962009496,
  "Specificity": 0.9594762247312837,
  "FPR": 0.04052377526871631,
  "FNR": 0.686078480379905,
  "F1": 0.1927710843373494,
  "IoU": 0.10666666666666667,
  "Dice": 0.1927710843373494,
  "MCC": 0.18441818728748005
}