{
  "sample_id": "1092939_DF_251_251BDF0052_00836",
  "TP": 466,
  "TN": 187635,
  "FP": 3675,
  "FN": 4063,
  "Accuracy": 0.9604879518379894,
  "Precision": 0.1125332045399662,
  "Recall": 0.10289247074409362,
  "Specificity": 0.9807903402854007,
  "FPR": 0.019209659714599342,
  "FNR": 0.8971075292559064,
  "F1": 0.10749711649365629,
  "IoU": 0.0568015602145295,
  "Dice": 0.10749711649365629,
  "MCC": 0.08742685390176039
}