{
  "sample_id": "1094247_DF_251_251BDF0052_03214",
  "TP": 938,
  "TN": 187343,
  "FP": 5679,
  "FN": 1879,
  "Accuracy": 0.9614070741782791,
  "Precision": 0.14175608281698654,
  "Recall": 0.3329783457578985,
  "Specificity": 0.9705784832816985,
  "FPR": 0.02942151671830154,
  "FNR": 0.6670216542421016,
  "F1": 0.19885520457918168,
  "IoU": 0.11040489642184557,
  "Dice": 0.19885520457918168,
  "MCC": 0.20004166244169455
}