{
  "sample_id": "1094248_DF_251_251BDF0052_03216",
  "TP": 823,
  "TN": 188023,
  "FP": 4940,
  "FN": 2053,
  "Accuracy": 0.9642920970797441,
  "Precision": 0.14280756550407775,
  "Recall": 0.28616133518776077,
  "Specificity": 0.9743992371594554,
  "FPR": 0.02560076284054456,
  "FNR": 0.7138386648122392,
  "F1": 0.19053131149438593,
  "IoU": 0.10529682702149437,
  "Dice": 0.19053131149438593,
  "MCC": 0.18546083459966653
}