{
  "sample_id": "1092947_DF_251_251BDF0052_00849",
  "TP": 117,
  "TN": 193445,
  "FP": 936,
  "FN": 1341,
  "Accuracy": 0.9883731023953349,
  "Precision": 0.1111111111111111,
  "Recall": 0.08024691358024691,
  "Specificity": 0.9951847145554349,
  "FPR": 0.004815285444565056,
  "FNR": 0.9197530864197531,
  "F1": 0.0931899641577061,
  "IoU": 0.04887218045112782,
  "Dice": 0.0931899641577061,
  "MCC": 0.08866783297354876
}