{
  "sample_id": "1096867_DF_070_070BDF0010_03482",
  "TP": 109,
  "TN": 193563,
  "FP": 1136,
  "FN": 1031,
  "Accuracy": 0.9889347882699564,
  "Precision": 0.08755020080321285,
  "Recall": 0.0956140350877193,
  "Specificity": 0.9941653526725869,
  "FPR": 0.005834647327413084,
  "FNR": 0.9043859649122807,
  "F1": 0.09140461215932914,
  "IoU": 0.04789103690685413,
  "Dice": 0.09140461215932914,
  "MCC": 0.0859333073930627
}