{
  "sample_id": "1092979_DF_251_251BDF0052_00907",
  "TP": 387,
  "TN": 190315,
  "FP": 2885,
  "FN": 2252,
  "Accuracy": 0.973769269655176,
  "Precision": 0.1182762836185819,
  "Recall": 0.1466464569912846,
  "Specificity": 0.9850672877846791,
  "FPR": 0.014932712215320911,
  "FNR": 0.8533535430087155,
  "F1": 0.13094231094569447,
  "IoU": 0.07005792903692976,
  "Dice": 0.13094231094569447,
  "MCC": 0.11848319963658857
}