{
  "sample_id": "1093022_DF_251_251BDF0052_00984",
  "TP": 10339,
  "TN": 151037,
  "FP": 27932,
  "FN": 6531,
  "Accuracy": 0.8240238154810839,
  "Precision": 0.270152334665935,
  "Recall": 0.6128630705394191,
  "Specificity": 0.8439282780816789,
  "FPR": 0.15607172191832105,
  "FNR": 0.3871369294605809,
  "F1": 0.37500226691572514,
  "IoU": 0.23077094772554796,
  "Dice": 0.37500226691572514,
  "MCC": 0.3232178972974042
}