{
  "sample_id": "1094275_DF_251_251BDF0052_03267",
  "TP": 11,
  "TN": 194891,
  "FP": 734,
  "FN": 203,
  "Accuracy": 0.9952154575952696,
  "Precision": 0.01476510067114094,
  "Recall": 0.0514018691588785,
  "Specificity": 0.9962479233226837,
  "FPR": 0.003752076677316294,
  "FNR": 0.9485981308411215,
  "F1": 0.022940563086548488,
  "IoU": 0.011603375527426161,
  "Dice": 0.022940563086548488,
  "MCC": 0.025572900258927205
}