{
  "sample_id": "1092860_DF_251_251BDF0052_00697",
  "TP": 188,
  "TN": 191718,
  "FP": 2028,
  "FN": 1905,
  "Accuracy": 0.9799171768646694,
  "Precision": 0.08483754512635379,
  "Recall": 0.08982322025800286,
  "Specificity": 0.9895326871264439,
  "FPR": 0.010467312873556098,
  "FNR": 0.9101767797419972,
  "F1": 0.08725922487816198,
  "IoU": 0.04561999514680903,
  "Dice": 0.08725922487816198,
  "MCC": 0.07714661909727685
}