{
  "sample_id": "1092980_DF_251_251BDF0052_00909",
  "TP": 910,
  "TN": 186170,
  "FP": 6690,
  "FN": 2069,
  "Accuracy": 0.955274485674457,
  "Precision": 0.11973684210526316,
  "Recall": 0.30547163477677075,
  "Specificity": 0.9653116250129627,
  "FPR": 0.03468837498703723,
  "FNR": 0.6945283652232292,
  "F1": 0.17203894507987522,
  "IoU": 0.09411521356913849,
  "Dice": 0.17203894507987522,
  "MCC": 0.17159970831450908
}