{
  "sample_id": "1097235_DF_070_070BDF0010_04135",
  "TP": 0,
  "TN": 195120,
  "FP": 318,
  "FN": 401,
  "Accuracy": 0.9963286168740649,
  "Precision": 0.0,
  "Recall": 0.0,
  "Specificity": 0.9983728855186811,
  "FPR": 0.0016271144813188837,
  "FNR": 1.0,
  "F1": 0.0,
  "IoU": 0.0,
  "Dice": 0.0,
  "MCC": -0.001826772800352035
}