{
  "sample_id": "1093250_DF_251_251BDF0052_01416",
  "TP": 8,
  "TN": 195388,
  "FP": 262,
  "FN": 181,
  "Accuracy": 0.9977379377958425,
  "Precision": 0.02962962962962963,
  "Recall": 0.042328042328042326,
  "Specificity": 0.9986608740097113,
  "FPR": 0.001339125990288781,
  "FNR": 0.9576719576719577,
  "F1": 0.034858387799564274,
  "IoU": 0.017738359201773836,
  "Dice": 0.034858387799564274,
  "MCC": 0.03430088892869694
}