{
  "sample_id": "1092999_DF_251_251BDF0052_00943",
  "TP": 603,
  "TN": 187519,
  "FP": 5848,
  "FN": 1869,
  "Accuracy": 0.9605951827776898,
  "Precision": 0.09347388001860177,
  "Recall": 0.24393203883495146,
  "Specificity": 0.9697569905930175,
  "FPR": 0.030243009406982577,
  "FNR": 0.7560679611650486,
  "F1": 0.1351563375546341,
  "IoU": 0.07247596153846154,
  "Dice": 0.1351563375546341,
  "MCC": 0.13366197979466285
}