{
  "sample_id": "1095846_DF_070_070BDF0010_01635",
  "TP": 124,
  "TN": 193748,
  "FP": 1177,
  "FN": 790,
  "Accuracy": 0.9899560353147228,
  "Precision": 0.09531129900076864,
  "Recall": 0.13566739606126915,
  "Specificity": 0.993961780171861,
  "FPR": 0.006038219828139028,
  "FNR": 0.8643326039387309,
  "F1": 0.11196388261851016,
  "IoU": 0.05930176948828312,
  "Dice": 0.11196388261851016,
  "MCC": 0.10875988980204392
}