{
  "sample_id": "1092981_DF_251_251BDF0052_00911",
  "TP": 730,
  "TN": 188710,
  "FP": 3308,
  "FN": 3091,
  "Accuracy": 0.9673252008027001,
  "Precision": 0.1807825656265478,
  "Recall": 0.19104946349123267,
  "Specificity": 0.9827724484162943,
  "FPR": 0.017227551583705696,
  "FNR": 0.8089505365087674,
  "F1": 0.1857742715358188,
  "IoU": 0.10239865338757188,
  "Dice": 0.1857742715358188,
  "MCC": 0.16918249346590575
}