{
  "sample_id": "1092854_DF_251_251BDF0052_00687",
  "TP": 121,
  "TN": 192677,
  "FP": 1640,
  "FN": 1401,
  "Accuracy": 0.9844719386843275,
  "Precision": 0.06871095968199886,
  "Recall": 0.0795006570302234,
  "Specificity": 0.991560182588245,
  "FPR": 0.00843981741175502,
  "FNR": 0.9204993429697766,
  "F1": 0.07371306731647884,
  "IoU": 0.038266919671094246,
  "Dice": 0.07371306731647884,
  "MCC": 0.06610361757086178
}