{
  "sample_id": "1096016_DF_070_070BDF0010_01950",
  "TP": 0,
  "TN": 195106,
  "FP": 349,
  "FN": 384,
  "Accuracy": 0.9962571295809313,
  "Precision": 0.0,
  "Recall": 0.0,
  "Specificity": 0.9982144227571563,
  "FPR": 0.0017855772428436213,
  "FNR": 1.0,
  "F1": 0.0,
  "IoU": 0.0,
  "Dice": 0.0,
  "MCC": -0.0018728054304508268
}