{
  "sample_id": "1094244_DF_251_251BDF0052_03207",
  "TP": 54,
  "TN": 194732,
  "FP": 487,
  "FN": 566,
  "Accuracy": 0.994623134309305,
  "Precision": 0.09981515711645102,
  "Recall": 0.08709677419354839,
  "Specificity": 0.9975053657687007,
  "FPR": 0.0024946342312992076,
  "FNR": 0.9129032258064517,
  "F1": 0.09302325581395349,
  "IoU": 0.04878048780487805,
  "Dice": 0.09302325581395349,
  "MCC": 0.09055046911248431
}