{
  "sample_id": "1092873_DF_251_251BDF0052_00720",
  "TP": 2361,
  "TN": 175368,
  "FP": 14205,
  "FN": 3905,
  "Accuracy": 0.9075260800964057,
  "Precision": 0.14252082578775807,
  "Recall": 0.3767954037663581,
  "Specificity": 0.9250684432909749,
  "FPR": 0.07493155670902502,
  "FNR": 0.6232045962336419,
  "F1": 0.20681499649614576,
  "IoU": 0.11533388696204387,
  "Dice": 0.20681499649614576,
  "MCC": 0.19090981978235816
}