{
  "sample_id": "1094911_DF_251_251BDF0052_04494",
  "TP": 733,
  "TN": 188634,
  "FP": 3016,
  "FN": 3456,
  "Accuracy": 0.9669524456313604,
  "Precision": 0.1955188050146706,
  "Recall": 0.17498209596562425,
  "Specificity": 0.9842629793895121,
  "FPR": 0.01573702061048787,
  "FNR": 0.8250179040343757,
  "F1": 0.18468127991937516,
  "IoU": 0.10173490631505899,
  "Dice": 0.18468127991937516,
  "MCC": 0.16813785558971148
}