{
  "sample_id": "1093534_DF_251_251BDF0052_01931",
  "TP": 59,
  "TN": 193258,
  "FP": 1237,
  "FN": 1285,
  "Accuracy": 0.9871220747654962,
  "Precision": 0.04552469135802469,
  "Recall": 0.04389880952380952,
  "Specificity": 0.9936399393300599,
  "FPR": 0.0063600606699401015,
  "FNR": 0.9561011904761905,
  "F1": 0.0446969696969697,
  "IoU": 0.022859356838434715,
  "Dice": 0.0446969696969697,
  "MCC": 0.0382228744151117
}