{
  "sample_id": "1094260_DF_251_251BDF0052_03239",
  "TP": 886,
  "TN": 189768,
  "FP": 3328,
  "FN": 1857,
  "Accuracy": 0.9735241703644321,
  "Precision": 0.2102515424774561,
  "Recall": 0.3230040102078017,
  "Specificity": 0.9827650495090525,
  "FPR": 0.017234950490947507,
  "FNR": 0.6769959897921983,
  "F1": 0.2547074888601409,
  "IoU": 0.14593971339153353,
  "Dice": 0.2547074888601409,
  "MCC": 0.24763939291921472
}