{
  "sample_id": "1094242_DF_251_251BDF0052_03203",
  "TP": 45,
  "TN": 194596,
  "FP": 493,
  "FN": 705,
  "Accuracy": 0.9938827302018495,
  "Precision": 0.08364312267657993,
  "Recall": 0.06,
  "Specificity": 0.9974729482441347,
  "FPR": 0.0025270517558652716,
  "FNR": 0.94,
  "F1": 0.06987577639751552,
  "IoU": 0.036202735317779566,
  "Dice": 0.06987577639751552,
  "MCC": 0.06782145892676773
}