{
  "sample_id": "1094285_DF_251_251BDF0052_03285",
  "TP": 480,
  "TN": 191570,
  "FP": 2205,
  "FN": 1584,
  "Accuracy": 0.9806524747369012,
  "Precision": 0.1787709497206704,
  "Recall": 0.23255813953488372,
  "Specificity": 0.9886208231195974,
  "FPR": 0.011379176880402528,
  "FNR": 0.7674418604651163,
  "F1": 0.20214782059380923,
  "IoU": 0.11243851018973998,
  "Dice": 0.20214782059380923,
  "MCC": 0.1942332325110274
}