{
  "sample_id": "1093097_DF_251_251BDF0052_01115",
  "TP": 1016,
  "TN": 185648,
  "FP": 6762,
  "FN": 2413,
  "Accuracy": 0.953150291821343,
  "Precision": 0.130624839290306,
  "Recall": 0.2962962962962963,
  "Specificity": 0.9648562964502885,
  "FPR": 0.03514370354971155,
  "FNR": 0.7037037037037037,
  "F1": 0.18131524939769786,
  "IoU": 0.09969581002845648,
  "Dice": 0.18131524939769786,
  "MCC": 0.1753915088776845
}