{
  "sample_id": "1094003_DF_251_251BDF0052_02758",
  "TP": 317,
  "TN": 190874,
  "FP": 2313,
  "FN": 2335,
  "Accuracy": 0.9762662186796297,
  "Precision": 0.12053231939163499,
  "Recall": 0.11953242835595777,
  "Specificity": 0.9880271446836485,
  "FPR": 0.011972855316351514,
  "FNR": 0.8804675716440422,
  "F1": 0.1200302915562287,
  "IoU": 0.06384692849949647,
  "Dice": 0.1200302915562287,
  "MCC": 0.10800235565896509
}