{
  "sample_id": "1094910_DF_251_251BDF0052_04492",
  "TP": 487,
  "TN": 189523,
  "FP": 3413,
  "FN": 2416,
  "Accuracy": 0.9702357548802844,
  "Precision": 0.12487179487179487,
  "Recall": 0.16775749224939718,
  "Specificity": 0.9823101961272132,
  "FPR": 0.01768980387278683,
  "FNR": 0.8322425077506028,
  "F1": 0.14317212994267234,
  "IoU": 0.07710576314122862,
  "Dice": 0.14317212994267234,
  "MCC": 0.12980858877088577
}