{
  "sample_id": "1092962_DF_251_251BDF0052_00877",
  "TP": 650,
  "TN": 189927,
  "FP": 2651,
  "FN": 2611,
  "Accuracy": 0.973130990252197,
  "Precision": 0.19691002726446533,
  "Recall": 0.19932536031892056,
  "Specificity": 0.9862341492797724,
  "FPR": 0.013765850720227648,
  "FNR": 0.8006746396810794,
  "F1": 0.19811033221578786,
  "IoU": 0.10994587280108255,
  "Dice": 0.19811033221578786,
  "MCC": 0.18445097755021564
}