{
  "sample_id": "1096028_DF_070_070BDF0010_01972",
  "TP": 42,
  "TN": 194192,
  "FP": 805,
  "FN": 800,
  "Accuracy": 0.99180449246575,
  "Precision": 0.049586776859504134,
  "Recall": 0.0498812351543943,
  "Specificity": 0.9958717313599696,
  "FPR": 0.0041282686400303595,
  "FNR": 0.9501187648456056,
  "F1": 0.0497335701598579,
  "IoU": 0.025500910746812388,
  "Dice": 0.0497335701598579,
  "MCC": 0.04561830731392836
}