{
  "sample_id": "1094259_DF_251_251BDF0052_03238",
  "TP": 564,
  "TN": 190276,
  "FP": 2268,
  "FN": 2731,
  "Accuracy": 0.9744739301160648,
  "Precision": 0.19915254237288135,
  "Recall": 0.17116843702579665,
  "Specificity": 0.9882208741897955,
  "FPR": 0.01177912581020442,
  "FNR": 0.8288315629742034,
  "F1": 0.1841031499918394,
  "IoU": 0.1013841452453712,
  "Dice": 0.1841031499918394,
  "MCC": 0.17171915533360485
}