{
  "sample_id": "1094260_DF_251_251BDF0052_03239",
  "TP": 1186,
  "TN": 187692,
  "FP": 5404,
  "FN": 1557,
  "Accuracy": 0.9644554966069067,
  "Precision": 0.17996965098634293,
  "Recall": 0.4323733138899016,
  "Specificity": 0.972013920536935,
  "FPR": 0.027986079463065004,
  "FNR": 0.5676266861100985,
  "F1": 0.2541519339976428,
  "IoU": 0.14557505830367007,
  "Dice": 0.2541519339976428,
  "MCC": 0.2635344988419057
}