{
  "sample_id": "1093006_DF_251_251BDF0052_00955",
  "TP": 151,
  "TN": 191982,
  "FP": 2552,
  "FN": 1154,
  "Accuracy": 0.9810762922604793,
  "Precision": 0.05586385497595264,
  "Recall": 0.11570881226053639,
  "Specificity": 0.9868814705912591,
  "FPR": 0.013118529408740889,
  "FNR": 0.8842911877394636,
  "F1": 0.0753493013972056,
  "IoU": 0.03914959813326419,
  "Dice": 0.0753493013972056,
  "MCC": 0.07154093343313166
}