{
  "sample_id": "1092894_DF_251_251BDF0052_00757",
  "TP": 383,
  "TN": 190320,
  "FP": 2620,
  "FN": 2516,
  "Accuracy": 0.9737743758903997,
  "Precision": 0.12753912753912755,
  "Recall": 0.1321145222490514,
  "Specificity": 0.9864206489063958,
  "FPR": 0.013579351093604228,
  "FNR": 0.8678854777509486,
  "F1": 0.12978651304642494,
  "IoU": 0.06939662982424352,
  "Dice": 0.12978651304642494,
  "MCC": 0.11649592996921622
}