{
  "sample_id": "1092958_DF_251_251BDF0052_00870",
  "TP": 49,
  "TN": 193174,
  "FP": 1930,
  "FN": 686,
  "Accuracy": 0.9866420886544559,
  "Precision": 0.024759979787771603,
  "Recall": 0.06666666666666667,
  "Specificity": 0.9901078399212727,
  "FPR": 0.009892160078727242,
  "FNR": 0.9333333333333333,
  "F1": 0.03610906411201179,
  "IoU": 0.018386491557223265,
  "Dice": 0.03610906411201179,
  "MCC": 0.03471068013379262
}