{
  "sample_id": "1092850_DF_251_251BDF0052_00679",
  "TP": 699,
  "TN": 184936,
  "FP": 4961,
  "FN": 5243,
  "Accuracy": 0.9478959757760201,
  "Precision": 0.1234982332155477,
  "Recall": 0.11763715920565466,
  "Specificity": 0.9738753113529967,
  "FPR": 0.026124688647003375,
  "FNR": 0.8823628407943453,
  "F1": 0.12049646612652991,
  "IoU": 0.06411079519398331,
  "Dice": 0.12049646612652991,
  "MCC": 0.09369494496642022
}