{
  "sample_id": "1092994_DF_251_251BDF0052_00934",
  "TP": 1369,
  "TN": 181243,
  "FP": 10485,
  "FN": 2742,
  "Accuracy": 0.9324598266943765,
  "Precision": 0.11548844271975704,
  "Recall": 0.3330090002432498,
  "Specificity": 0.9453131519652842,
  "FPR": 0.054686848034715844,
  "FNR": 0.6669909997567501,
  "F1": 0.1715001565925462,
  "IoU": 0.09379281995067142,
  "Dice": 0.1715001565925462,
  "MCC": 0.16731720972261632
}