{
  "sample_id": "1096019_DF_070_070BDF0010_01956",
  "TP": 3082,
  "TN": 185088,
  "FP": 4310,
  "FN": 3359,
  "Accuracy": 0.9608402820684337,
  "Precision": 0.41693722943722944,
  "Recall": 0.4784971277751902,
  "Specificity": 0.9772436878953316,
  "FPR": 0.022756312104668476,
  "FNR": 0.5215028722248098,
  "F1": 0.4456010988216583,
  "IoU": 0.28667100734815365,
  "Dice": 0.4456010988216583,
  "MCC": 0.42648786254133403
}