{
  "sample_id": "1092865_DF_251_251BDF0052_00706",
  "TP": 5,
  "TN": 195237,
  "FP": 341,
  "FN": 256,
  "Accuracy": 0.9969515775713724,
  "Precision": 0.014450867052023121,
  "Recall": 0.019157088122605363,
  "Specificity": 0.9982564501119758,
  "FPR": 0.0017435498880242154,
  "FNR": 0.9808429118773946,
  "F1": 0.016474464579901153,
  "IoU": 0.008305647840531562,
  "Dice": 0.016474464579901153,
  "MCC": 0.015127376735668326
}