{
  "sample_id": "1092889_DF_251_251BDF0052_00748",
  "TP": 1166,
  "TN": 184323,
  "FP": 5828,
  "FN": 4522,
  "Accuracy": 0.9471504654333407,
  "Precision": 0.16671432656562768,
  "Recall": 0.2049929676511955,
  "Specificity": 0.9693506739380808,
  "FPR": 0.03064932606191921,
  "FNR": 0.7950070323488045,
  "F1": 0.18388266834884087,
  "IoU": 0.10125043417853422,
  "Dice": 0.18388266834884087,
  "MCC": 0.1577682667772188
}