{
  "sample_id": "1092872_DF_251_251BDF0052_00718",
  "TP": 179,
  "TN": 191628,
  "FP": 2086,
  "FN": 1946,
  "Accuracy": 0.9794116595775101,
  "Precision": 0.07902869757174392,
  "Recall": 0.08423529411764706,
  "Specificity": 0.9892315475391557,
  "FPR": 0.010768452460844338,
  "FNR": 0.9157647058823529,
  "F1": 0.0815489749430524,
  "IoU": 0.04250771788173831,
  "Dice": 0.0815489749430524,
  "MCC": 0.07118585837301798
}