{
  "sample_id": "1092966_DF_251_251BDF0052_00885",
  "TP": 107,
  "TN": 193397,
  "FP": 1013,
  "FN": 1322,
  "Accuracy": 0.9880769407523528,
  "Precision": 0.09553571428571428,
  "Recall": 0.0748775367389783,
  "Specificity": 0.9947893626871046,
  "FPR": 0.005210637312895427,
  "FNR": 0.9251224632610217,
  "F1": 0.08395449195763044,
  "IoU": 0.04381654381654382,
  "Dice": 0.08395449195763044,
  "MCC": 0.07863008050499061
}