{
  "sample_id": "1092988_DF_251_251BDF0052_00923",
  "TP": 1783,
  "TN": 180853,
  "FP": 10402,
  "FN": 2801,
  "Accuracy": 0.9325823763397485,
  "Precision": 0.14632745178498152,
  "Recall": 0.3889616055846422,
  "Specificity": 0.9456118794279889,
  "FPR": 0.05438812057201119,
  "FNR": 0.6110383944153578,
  "F1": 0.21265430258214563,
  "IoU": 0.11897771253169626,
  "Dice": 0.21265430258214563,
  "MCC": 0.20941474669582266
}