{
  "sample_id": "1092904_DF_251_251BDF0052_00775",
  "TP": 1190,
  "TN": 182805,
  "FP": 6103,
  "FN": 5741,
  "Accuracy": 0.9395217500089359,
  "Precision": 0.16317016317016317,
  "Recall": 0.17169239647958448,
  "Specificity": 0.9676932686810511,
  "FPR": 0.03230673131894891,
  "FNR": 0.8283076035204155,
  "F1": 0.1673228346456693,
  "IoU": 0.09129967776584318,
  "Dice": 0.1673228346456693,
  "MCC": 0.13601270189235615
}