{
  "sample_id": "1093021_DF_251_251BDF0052_00982",
  "TP": 2363,
  "TN": 174864,
  "FP": 15088,
  "FN": 3524,
  "Accuracy": 0.9049627500140421,
  "Precision": 0.13540771302504154,
  "Recall": 0.40139289960930863,
  "Specificity": 0.9205694070080862,
  "FPR": 0.07943059299191374,
  "FNR": 0.5986071003906913,
  "F1": 0.20250235667152283,
  "IoU": 0.11265792610250298,
  "Dice": 0.20250235667152283,
  "MCC": 0.19296609393924177
}