{
  "sample_id": "1093967_DF_251_251BDF0052_02692",
  "TP": 316,
  "TN": 193720,
  "FP": 754,
  "FN": 1049,
  "Accuracy": 0.9907934578914313,
  "Precision": 0.2953271028037383,
  "Recall": 0.2315018315018315,
  "Specificity": 0.99612287503728,
  "FPR": 0.0038771249627199524,
  "FNR": 0.7684981684981685,
  "F1": 0.2595482546201232,
  "IoU": 0.14912694667295895,
  "Dice": 0.2595482546201232,
  "MCC": 0.2569003476667192
}