{
  "sample_id": "1093340_DF_251_251BDF0052_01600",
  "TP": 40,
  "TN": 193870,
  "FP": 1092,
  "FN": 837,
  "Accuracy": 0.9901500722532284,
  "Precision": 0.0353356890459364,
  "Recall": 0.04561003420752566,
  "Specificity": 0.9943989085052471,
  "FPR": 0.005601091494752824,
  "FNR": 0.9543899657924744,
  "F1": 0.039820806371329016,
  "IoU": 0.02031488065007618,
  "Dice": 0.039820806371329016,
  "MCC": 0.035238536313452265
}