{
  "sample_id": "1093024_DF_251_251BDF0052_00987",
  "TP": 2948,
  "TN": 173366,
  "FP": 10158,
  "FN": 9367,
  "Accuracy": 0.9003007572546837,
  "Precision": 0.22493514420875935,
  "Recall": 0.2393828664230613,
  "Specificity": 0.9446502909701183,
  "FPR": 0.05534970902988165,
  "FNR": 0.7606171335769387,
  "F1": 0.2319342276070965,
  "IoU": 0.1311796377875673,
  "Dice": 0.2319342276070965,
  "MCC": 0.17877885213936362
}