{
  "sample_id": "1093967_DF_251_251BDF0052_02692",
  "TP": 383,
  "TN": 193622,
  "FP": 852,
  "FN": 982,
  "Accuracy": 0.9906351645994924,
  "Precision": 0.3101214574898785,
  "Recall": 0.2805860805860806,
  "Specificity": 0.9956189516336375,
  "FPR": 0.0043810483663625985,
  "FNR": 0.7194139194139194,
  "F1": 0.2946153846153846,
  "IoU": 0.17275597654488048,
  "Dice": 0.2946153846153846,
  "MCC": 0.2902814780828256
}