{
  "sample_id": "1094279_DF_251_251BDF0052_03275",
  "TP": 94,
  "TN": 193164,
  "FP": 1605,
  "FN": 976,
  "Accuracy": 0.9868208068872901,
  "Precision": 0.05532666274278988,
  "Recall": 0.08785046728971962,
  "Specificity": 0.9917594689093233,
  "FPR": 0.008240531090676647,
  "FNR": 0.9121495327102803,
  "F1": 0.06789454676778621,
  "IoU": 0.03514018691588785,
  "Dice": 0.06789454676778621,
  "MCC": 0.06327976823462174
}