{
  "sample_id": "1092847_DF_251_251BDF0052_00674",
  "TP": 919,
  "TN": 183316,
  "FP": 9335,
  "FN": 2269,
  "Accuracy": 0.9407472464626555,
  "Precision": 0.08962356153696119,
  "Recall": 0.2882685069008783,
  "Specificity": 0.9515445027536841,
  "FPR": 0.04845549724631588,
  "FNR": 0.7117314930991218,
  "F1": 0.1367356048207112,
  "IoU": 0.07338497165216003,
  "Dice": 0.1367356048207112,
  "MCC": 0.13623836955810234
}