{
  "sample_id": "1093023_DF_251_251BDF0052_00986",
  "TP": 6635,
  "TN": 160627,
  "FP": 22657,
  "FN": 5920,
  "Accuracy": 0.854079116008558,
  "Precision": 0.22651235832309163,
  "Recall": 0.5284747112704102,
  "Specificity": 0.8763830994522163,
  "FPR": 0.12361690054778376,
  "FNR": 0.4715252887295898,
  "F1": 0.31710755848686883,
  "IoU": 0.1884300806543224,
  "Dice": 0.31710755848686883,
  "MCC": 0.2780546985794297
}