{
  "sample_id": "1093533_DF_251_251BDF0052_01930",
  "TP": 382,
  "TN": 188243,
  "FP": 5160,
  "FN": 2054,
  "Accuracy": 0.9631636190952773,
  "Precision": 0.06892818477084085,
  "Recall": 0.1568144499178982,
  "Specificity": 0.9733199588424172,
  "FPR": 0.026680041157582872,
  "FNR": 0.8431855500821018,
  "F1": 0.0957633492103284,
  "IoU": 0.05028962611901001,
  "Dice": 0.0957633492103284,
  "MCC": 0.08697874897633481
}