{
  "sample_id": "1092988_DF_251_251BDF0052_00923",
  "TP": 922,
  "TN": 187053,
  "FP": 4202,
  "FN": 3662,
  "Accuracy": 0.9598445661997865,
  "Precision": 0.1799375487900078,
  "Recall": 0.20113438045375218,
  "Specificity": 0.9780293325664688,
  "FPR": 0.02197066743353115,
  "FNR": 0.7988656195462478,
  "F1": 0.1899464359291306,
  "IoU": 0.1049396767584794,
  "Dice": 0.1899464359291306,
  "MCC": 0.16969997212012009
}