{
  "sample_id": "1092867_DF_251_251BDF0052_00710",
  "TP": 492,
  "TN": 186000,
  "FP": 7745,
  "FN": 1602,
  "Accuracy": 0.952272019362844,
  "Precision": 0.05973048439966007,
  "Recall": 0.2349570200573066,
  "Specificity": 0.9600247748328989,
  "FPR": 0.039975225167101086,
  "FNR": 0.7650429799426934,
  "F1": 0.09524731390959248,
  "IoU": 0.05000508181725785,
  "Dice": 0.09524731390959248,
  "MCC": 0.09990664828994149
}