{
  "sample_id": "1092877_DF_251_251BDF0052_00727",
  "TP": 547,
  "TN": 189732,
  "FP": 3640,
  "FN": 1920,
  "Accuracy": 0.971609332155495,
  "Precision": 0.13064246477191307,
  "Recall": 0.2217267936765302,
  "Specificity": 0.9811761785573919,
  "FPR": 0.01882382144260803,
  "FNR": 0.7782732063234697,
  "F1": 0.16441238352870455,
  "IoU": 0.08956934665138366,
  "Dice": 0.16441238352870455,
  "MCC": 0.15644497558468443
}