{
  "sample_id": "1093097_DF_251_251BDF0052_01115",
  "TP": 541,
  "TN": 189177,
  "FP": 3233,
  "FN": 2888,
  "Accuracy": 0.9687447341949255,
  "Precision": 0.1433492315845257,
  "Recall": 0.15777194517351997,
  "Specificity": 0.9831973390156437,
  "FPR": 0.016802660984356323,
  "FNR": 0.84222805482648,
  "F1": 0.15021518811606274,
  "IoU": 0.08120684479135394,
  "Dice": 0.15021518811606274,
  "MCC": 0.1344921677560863
}