{
  "sample_id": "1094535_DF_251_251BDF0052_03747",
  "TP": 31,
  "TN": 194444,
  "FP": 626,
  "FN": 738,
  "Accuracy": 0.9930350951546933,
  "Precision": 0.0471841704718417,
  "Recall": 0.04031209362808843,
  "Specificity": 0.9967908955759471,
  "FPR": 0.0032091044240529043,
  "FNR": 0.9596879063719116,
  "F1": 0.043478260869565216,
  "IoU": 0.022222222222222223,
  "Dice": 0.043478260869565216,
  "MCC": 0.040129592083992596
}