{
  "sample_id": "1093102_DF_251_251BDF0052_01123",
  "TP": 676,
  "TN": 187033,
  "FP": 4586,
  "FN": 3544,
  "Accuracy": 0.9584863076302473,
  "Precision": 0.12846826301786393,
  "Recall": 0.16018957345971563,
  "Specificity": 0.9760670914679651,
  "FPR": 0.023932908532034922,
  "FNR": 0.8398104265402844,
  "F1": 0.1425859523307319,
  "IoU": 0.07676584147172383,
  "Dice": 0.1425859523307319,
  "MCC": 0.12235524754002838
}