{
  "sample_id": "1094278_DF_251_251BDF0052_03273",
  "TP": 119,
  "TN": 192873,
  "FP": 1761,
  "FN": 1086,
  "Accuracy": 0.9854625483177508,
  "Precision": 0.06329787234042553,
  "Recall": 0.0987551867219917,
  "Specificity": 0.9909522488362773,
  "FPR": 0.00904775116372268,
  "FNR": 0.9012448132780083,
  "F1": 0.07714748784440843,
  "IoU": 0.04012137559002023,
  "Dice": 0.07714748784440843,
  "MCC": 0.07194447147666179
}