{
  "sample_id": "1093100_DF_251_251BDF0052_01120",
  "TP": 192,
  "TN": 190599,
  "FP": 2889,
  "FN": 2159,
  "Accuracy": 0.974223724590097,
  "Precision": 0.062317429406037,
  "Recall": 0.08166737558485751,
  "Specificity": 0.9850688414785413,
  "FPR": 0.014931158521458696,
  "FNR": 0.9183326244151425,
  "F1": 0.07069219440353461,
  "IoU": 0.0366412213740458,
  "Dice": 0.07069219440353461,
  "MCC": 0.0584067260008502
}