{
  "sample_id": "1092862_DF_251_251BDF0052_00701",
  "TP": 263,
  "TN": 190616,
  "FP": 2567,
  "FN": 2393,
  "Accuracy": 0.9746730732897941,
  "Precision": 0.09293286219081272,
  "Recall": 0.0990210843373494,
  "Specificity": 0.9867120812907968,
  "FPR": 0.01328791870920319,
  "FNR": 0.9009789156626506,
  "F1": 0.09588042289464091,
  "IoU": 0.05035420256557534,
  "Dice": 0.09588042289464091,
  "MCC": 0.08309317434736427
}