{
  "sample_id": "1092859_DF_251_251BDF0052_00695",
  "TP": 280,
  "TN": 190811,
  "FP": 3104,
  "FN": 1644,
  "Accuracy": 0.9757555951572465,
  "Precision": 0.08274231678486997,
  "Recall": 0.14553014553014554,
  "Specificity": 0.9839929866178481,
  "FPR": 0.016007013382151974,
  "FNR": 0.8544698544698545,
  "F1": 0.10550113036925396,
  "IoU": 0.05568814638027048,
  "Dice": 0.10550113036925396,
  "MCC": 0.09803379109594981
}