{
  "sample_id": "1096866_DF_070_070BDF0010_03480",
  "TP": 8,
  "TN": 195114,
  "FP": 426,
  "FN": 291,
  "Accuracy": 0.9963388293445126,
  "Precision": 0.018433179723502304,
  "Recall": 0.026755852842809364,
  "Specificity": 0.9978214176127647,
  "FPR": 0.0021785823872353485,
  "FNR": 0.9732441471571907,
  "F1": 0.021828103683492497,
  "IoU": 0.011034482758620689,
  "Dice": 0.021828103683492497,
  "MCC": 0.02040677364940107
}