{
  "sample_id": "1093285_DF_251_251BDF0052_01476",
  "TP": 25,
  "TN": 195392,
  "FP": 186,
  "FN": 236,
  "Accuracy": 0.997845168735543,
  "Precision": 0.11848341232227488,
  "Recall": 0.09578544061302682,
  "Specificity": 0.9990489727883505,
  "FPR": 0.000951027211649572,
  "FNR": 0.9042145593869731,
  "F1": 0.1059322033898305,
  "IoU": 0.05592841163310962,
  "Dice": 0.1059322033898305,
  "MCC": 0.10546041623786466
}