{
  "sample_id": "1097210_DF_070_070BDF0010_04093",
  "TP": 104,
  "TN": 194843,
  "FP": 380,
  "FN": 512,
  "Accuracy": 0.995445238180342,
  "Precision": 0.21487603305785125,
  "Recall": 0.16883116883116883,
  "Specificity": 0.9980535080395241,
  "FPR": 0.0019464919604759686,
  "FNR": 0.8311688311688312,
  "F1": 0.1890909090909091,
  "IoU": 0.10441767068273092,
  "Dice": 0.1890909090909091,
  "MCC": 0.18820768940539903
}