{
  "sample_id": "1092909_DF_251_251BDF0052_00784",
  "TP": 232,
  "TN": 192430,
  "FP": 2054,
  "FN": 1123,
  "Accuracy": 0.9837774906938863,
  "Precision": 0.10148731408573929,
  "Recall": 0.17121771217712178,
  "Specificity": 0.9894387198946957,
  "FPR": 0.010561280105304292,
  "FNR": 0.8287822878228782,
  "F1": 0.12743751716561386,
  "IoU": 0.06805514813728367,
  "Dice": 0.12743751716561386,
  "MCC": 0.12398571128341705
}