{
  "sample_id": "1092993_DF_251_251BDF0052_00932",
  "TP": 1869,
  "TN": 177180,
  "FP": 14226,
  "FN": 2564,
  "Accuracy": 0.9142663105918637,
  "Precision": 0.11612301957129544,
  "Recall": 0.421610647417099,
  "Specificity": 0.9256763110874268,
  "FPR": 0.07432368891257328,
  "FNR": 0.5783893525829009,
  "F1": 0.18209275136399064,
  "IoU": 0.10016613966450506,
  "Dice": 0.18209275136399064,
  "MCC": 0.18807991617156739
}