{
  "sample_id": "1094248_DF_251_251BDF0052_03216",
  "TP": 661,
  "TN": 189439,
  "FP": 3524,
  "FN": 2215,
  "Accuracy": 0.9706953160504291,
  "Precision": 0.15794504181600955,
  "Recall": 0.22983310152990263,
  "Specificity": 0.981737431528324,
  "FPR": 0.018262568471675917,
  "FNR": 0.7701668984700973,
  "F1": 0.18722560543832317,
  "IoU": 0.10328125,
  "Dice": 0.18722560543832317,
  "MCC": 0.17598674845480808
}