{
  "sample_id": "1094553_DF_251_251BDF0052_03781",
  "TP": 1278,
  "TN": 183372,
  "FP": 10197,
  "FN": 992,
  "Accuracy": 0.9428663340805458,
  "Precision": 0.11137254901960784,
  "Recall": 0.5629955947136563,
  "Specificity": 0.9473211103017528,
  "FPR": 0.05267888969824713,
  "FNR": 0.4370044052863436,
  "F1": 0.1859585303746817,
  "IoU": 0.10251062805807332,
  "Dice": 0.1859585303746817,
  "MCC": 0.23257134725393308
}