{
  "sample_id": "1092945_DF_251_251BDF0052_00846",
  "TP": 232,
  "TN": 190574,
  "FP": 2487,
  "FN": 2546,
  "Accuracy": 0.9743003181184544,
  "Precision": 0.08532548731151159,
  "Recall": 0.08351331893448524,
  "Specificity": 0.9871180611309379,
  "FPR": 0.01288193886906211,
  "FNR": 0.9164866810655148,
  "F1": 0.0844096780061852,
  "IoU": 0.04406457739791073,
  "Dice": 0.0844096780061852,
  "MCC": 0.07138268149518712
}