{
  "sample_id": "1092865_DF_251_251BDF0052_00706",
  "TP": 1,
  "TN": 195394,
  "FP": 184,
  "FN": 260,
  "Accuracy": 0.9977328315606186,
  "Precision": 0.005405405405405406,
  "Recall": 0.0038314176245210726,
  "Specificity": 0.9990591988874005,
  "FPR": 0.0009408011125995766,
  "FNR": 0.9961685823754789,
  "F1": 0.004484304932735426,
  "IoU": 0.0022471910112359553,
  "Dice": 0.004484304932735426,
  "MCC": 0.0034327367807098553
}