{
  "sample_id": "1092846_DF_251_251BDF0052_00673",
  "TP": 451,
  "TN": 187525,
  "FP": 6053,
  "FN": 1810,
  "Accuracy": 0.9598496724350104,
  "Precision": 0.0693419434194342,
  "Recall": 0.19946926138876603,
  "Specificity": 0.9687309508311895,
  "FPR": 0.03126904916881051,
  "FNR": 0.8005307386112339,
  "F1": 0.1029092983456931,
  "IoU": 0.05424585037286505,
  "Dice": 0.1029092983456931,
  "MCC": 0.1002764848545501
}