{
  "sample_id": "1096522_DF_070_070BDF0010_02866",
  "TP": 7,
  "TN": 195283,
  "FP": 243,
  "FN": 306,
  "Accuracy": 0.9971966768621163,
  "Precision": 0.028,
  "Recall": 0.022364217252396165,
  "Specificity": 0.9987571985311416,
  "FPR": 0.0012428014688583616,
  "FNR": 0.9776357827476039,
  "F1": 0.02486678507992895,
  "IoU": 0.012589928057553957,
  "Dice": 0.02486678507992895,
  "MCC": 0.02362953825048321
}