{
  "sample_id": "1092890_DF_251_251BDF0052_00750",
  "TP": 142,
  "TN": 192850,
  "FP": 1571,
  "FN": 1276,
  "Accuracy": 0.9854625483177508,
  "Precision": 0.08289550496205488,
  "Recall": 0.1001410437235543,
  "Specificity": 0.9919195971628579,
  "FPR": 0.008080402837142078,
  "FNR": 0.8998589562764457,
  "F1": 0.09070584477802619,
  "IoU": 0.04750752760120441,
  "Dice": 0.09070584477802619,
  "MCC": 0.08382299250472486
}