{
  "sample_id": "1092861_DF_251_251BDF0052_00699",
  "TP": 1017,
  "TN": 181878,
  "FP": 10856,
  "FN": 2088,
  "Accuracy": 0.9339048912627209,
  "Precision": 0.08565653162637918,
  "Recall": 0.32753623188405795,
  "Specificity": 0.9436736642211545,
  "FPR": 0.05632633577884546,
  "FNR": 0.672463768115942,
  "F1": 0.13579917211910802,
  "IoU": 0.07284578468591076,
  "Dice": 0.13579917211910802,
  "MCC": 0.14196016169722503
}