{
  "sample_id": "1092888_DF_251_251BDF0052_00746",
  "TP": 269,
  "TN": 190145,
  "FP": 3840,
  "FN": 1585,
  "Accuracy": 0.9722986739107123,
  "Precision": 0.06546605013385252,
  "Recall": 0.14509169363538296,
  "Specificity": 0.9802046549990978,
  "FPR": 0.01979534500090213,
  "FNR": 0.854908306364617,
  "F1": 0.09022304209290626,
  "IoU": 0.04724271162627327,
  "Dice": 0.09022304209290626,
  "MCC": 0.08465726773555486
}