{
  "sample_id": "1094244_DF_251_251BDF0052_03207",
  "TP": 42,
  "TN": 194823,
  "FP": 396,
  "FN": 578,
  "Accuracy": 0.9950265268919878,
  "Precision": 0.0958904109589041,
  "Recall": 0.06774193548387097,
  "Specificity": 0.9979715089207506,
  "FPR": 0.0020284910792494584,
  "FNR": 0.932258064516129,
  "F1": 0.07939508506616257,
  "IoU": 0.04133858267716536,
  "Dice": 0.07939508506616257,
  "MCC": 0.07814670516962983
}