{
  "sample_id": "1093018_DF_251_251BDF0052_00976",
  "TP": 2009,
  "TN": 180295,
  "FP": 10387,
  "FN": 3148,
  "Accuracy": 0.9308871062454364,
  "Precision": 0.16206840916424653,
  "Recall": 0.38956757804925346,
  "Specificity": 0.9455271079598494,
  "FPR": 0.054472892040150614,
  "FNR": 0.6104324219507465,
  "F1": 0.2289067395886743,
  "IoU": 0.12924601132269686,
  "Dice": 0.2289067395886743,
  "MCC": 0.22035839466555668
}