{
  "sample_id": "1093506_DF_251_251BDF0052_01885",
  "TP": 89,
  "TN": 193767,
  "FP": 1012,
  "FN": 971,
  "Accuracy": 0.9898743355511415,
  "Precision": 0.08083560399636694,
  "Recall": 0.08396226415094339,
  "Specificity": 0.9948043680273541,
  "FPR": 0.005195631972645922,
  "FNR": 0.9160377358490566,
  "F1": 0.08236927348449792,
  "IoU": 0.04295366795366795,
  "Dice": 0.08236927348449792,
  "MCC": 0.07729426345770724
}