{
  "sample_id": "1095847_DF_070_070BDF0010_01637",
  "TP": 310,
  "TN": 192580,
  "FP": 1737,
  "FN": 1212,
  "Accuracy": 0.98494171232492,
  "Precision": 0.15144113336590131,
  "Recall": 0.20367936925098554,
  "Specificity": 0.9910609982657205,
  "FPR": 0.008939001734279554,
  "FNR": 0.7963206307490145,
  "F1": 0.17371812832726255,
  "IoU": 0.09512120282295182,
  "Dice": 0.17371812832726255,
  "MCC": 0.1681480620074204
}