{
  "sample_id": "1093083_DF_251_251BDF0052_01091",
  "TP": 2314,
  "TN": 180055,
  "FP": 7979,
  "FN": 5491,
  "Accuracy": 0.9312190115349853,
  "Precision": 0.2248129796949383,
  "Recall": 0.29647661755285076,
  "Specificity": 0.9575661848389121,
  "FPR": 0.042433815161087886,
  "FNR": 0.7035233824471493,
  "F1": 0.2557188639628688,
  "IoU": 0.1466041561074506,
  "Dice": 0.2557188639628688,
  "MCC": 0.22269719990430406
}