{
  "sample_id": "1094279_DF_251_251BDF0052_03275",
  "TP": 181,
  "TN": 192112,
  "FP": 2657,
  "FN": 889,
  "Accuracy": 0.9818932898962923,
  "Precision": 0.06377730796335447,
  "Recall": 0.1691588785046729,
  "Specificity": 0.9863581986866493,
  "FPR": 0.013641801313350688,
  "FNR": 0.8308411214953271,
  "F1": 0.09263050153531217,
  "IoU": 0.04856452911188624,
  "Dice": 0.09263050153531217,
  "MCC": 0.0959276745082954
}