{
  "sample_id": "1093341_DF_251_251BDF0052_01602",
  "TP": 402,
  "TN": 188414,
  "FP": 5299,
  "FN": 1724,
  "Accuracy": 0.9641389100230291,
  "Precision": 0.07051394492194352,
  "Recall": 0.18908748824082786,
  "Specificity": 0.9726450986769086,
  "FPR": 0.027354901323091377,
  "FNR": 0.8109125117591721,
  "F1": 0.10272134917592947,
  "IoU": 0.05414141414141414,
  "Dice": 0.10272134917592947,
  "MCC": 0.0996893043818966
}