{
  "sample_id": "1093101_DF_251_251BDF0052_01121",
  "TP": 2960,
  "TN": 169993,
  "FP": 18706,
  "FN": 4180,
  "Accuracy": 0.883138700667385,
  "Precision": 0.13661958829502446,
  "Recall": 0.41456582633053224,
  "Specificity": 0.9008685790597725,
  "FPR": 0.09913142094022756,
  "FNR": 0.5854341736694678,
  "F1": 0.2055127404013053,
  "IoU": 0.11452449121720963,
  "Dice": 0.2055127404013053,
  "MCC": 0.18847909206949234
}