{
  "sample_id": "1092963_DF_251_251BDF0052_00879",
  "TP": 546,
  "TN": 190182,
  "FP": 2674,
  "FN": 2437,
  "Accuracy": 0.9739020317709955,
  "Precision": 0.16956521739130434,
  "Recall": 0.18303721086154878,
  "Specificity": 0.9861347326502675,
  "FPR": 0.013865267349732443,
  "FNR": 0.8169627891384512,
  "F1": 0.1760438497501209,
  "IoU": 0.09651758882800071,
  "Dice": 0.1760438497501209,
  "MCC": 0.16292736921490086
}