{
  "sample_id": "1092902_DF_251_251BDF0052_00771",
  "TP": 174,
  "TN": 188417,
  "FP": 6083,
  "FN": 1165,
  "Accuracy": 0.9629900070976669,
  "Precision": 0.02780885408342656,
  "Recall": 0.1299477221807319,
  "Specificity": 0.9687249357326478,
  "FPR": 0.03127506426735219,
  "FNR": 0.8700522778192681,
  "F1": 0.045813586097946286,
  "IoU": 0.023443815683104285,
  "Dice": 0.045813586097946286,
  "MCC": 0.04623440685272025
}