{
  "sample_id": "1093015_DF_251_251BDF0052_00971",
  "TP": 774,
  "TN": 186225,
  "FP": 7170,
  "FN": 1670,
  "Accuracy": 0.9548608806213267,
  "Precision": 0.09743202416918428,
  "Recall": 0.31669394435351883,
  "Specificity": 0.962925618552703,
  "FPR": 0.03707438144729698,
  "FNR": 0.6833060556464812,
  "F1": 0.1490180978051598,
  "IoU": 0.08050759309340545,
  "Dice": 0.1490180978051598,
  "MCC": 0.15734883968064867
}