{
  "sample_id": "1094261_DF_251_251BDF0052_03241",
  "TP": 217,
  "TN": 191247,
  "FP": 3150,
  "FN": 1225,
  "Accuracy": 0.9776602208957358,
  "Precision": 0.06444906444906445,
  "Recall": 0.15048543689320387,
  "Specificity": 0.9837960462352814,
  "FPR": 0.01620395376471859,
  "FNR": 0.8495145631067961,
  "F1": 0.09024745269286755,
  "IoU": 0.04725609756097561,
  "Dice": 0.09024745269286755,
  "MCC": 0.08831575804905
}