{
  "sample_id": "1097209_DF_070_070BDF0010_04090",
  "TP": 0,
  "TN": 195417,
  "FP": 199,
  "FN": 223,
  "Accuracy": 0.997845168735543,
  "Precision": 0.0,
  "Recall": 0.0,
  "Specificity": 0.9989827008015705,
  "FPR": 0.0010172991984295763,
  "FNR": 1.0,
  "F1": 0.0,
  "IoU": 0.0,
  "Dice": 0.0,
  "MCC": -0.0010768320066599736
}