{
  "sample_id": "1094001_DF_251_251BDF0052_02755",
  "TP": 1284,
  "TN": 183771,
  "FP": 9311,
  "FN": 1473,
  "Accuracy": 0.9449343593461976,
  "Precision": 0.12118924020764511,
  "Recall": 0.4657236126224157,
  "Specificity": 0.9517769652272091,
  "FPR": 0.048223034772790836,
  "FNR": 0.5342763873775843,
  "F1": 0.19233073696824446,
  "IoU": 0.10639708319522705,
  "Dice": 0.19233073696824446,
  "MCC": 0.21743217125604575
}