{
  "sample_id": "1097236_DF_070_070BDF0010_04137",
  "TP": 90,
  "TN": 194239,
  "FP": 686,
  "FN": 824,
  "Accuracy": 0.9922895848120139,
  "Precision": 0.11597938144329897,
  "Recall": 0.09846827133479212,
  "Specificity": 0.9964806977042452,
  "FPR": 0.0035193022957547776,
  "FNR": 0.9015317286652079,
  "F1": 0.10650887573964497,
  "IoU": 0.05625,
  "Dice": 0.10650887573964497,
  "MCC": 0.103009863712434
}