{
  "sample_id": "1092955_DF_251_251BDF0052_00865",
  "TP": 124,
  "TN": 193331,
  "FP": 1086,
  "FN": 1298,
  "Accuracy": 0.987826735226385,
  "Precision": 0.1024793388429752,
  "Recall": 0.08720112517580872,
  "Specificity": 0.9944140687285576,
  "FPR": 0.005585931271442312,
  "FNR": 0.9127988748241913,
  "F1": 0.09422492401215805,
  "IoU": 0.049441786283891544,
  "Dice": 0.09422492401215805,
  "MCC": 0.08842834009443006
}