{
  "sample_id": "1093936_DF_251_251BDF0052_02637",
  "TP": 3,
  "TN": 195422,
  "FP": 183,
  "FN": 231,
  "Accuracy": 0.9978860186173336,
  "Precision": 0.016129032258064516,
  "Recall": 0.01282051282051282,
  "Specificity": 0.9990644410930191,
  "FPR": 0.0009355589069809054,
  "FNR": 0.9871794871794872,
  "F1": 0.014285714285714285,
  "IoU": 0.007194244604316547,
  "Dice": 0.014285714285714285,
  "MCC": 0.01332894202039588
}