{
  "sample_id": "1093017_DF_251_251BDF0052_00975",
  "TP": 3227,
  "TN": 177131,
  "FP": 10547,
  "FN": 4934,
  "Accuracy": 0.9209503724998596,
  "Precision": 0.23428198054305213,
  "Recall": 0.3954172282808479,
  "Specificity": 0.9438026833193022,
  "FPR": 0.056197316680697794,
  "FNR": 0.6045827717191521,
  "F1": 0.294232961021199,
  "IoU": 0.1724930511011332,
  "Dice": 0.294232961021199,
  "MCC": 0.2651040953899405
}