{
  "sample_id": "1094002_DF_251_251BDF0052_02756",
  "TP": 419,
  "TN": 190841,
  "FP": 2993,
  "FN": 1586,
  "Accuracy": 0.976618548910074,
  "Precision": 0.1228018757327081,
  "Recall": 0.20897755610972568,
  "Specificity": 0.9845589525057523,
  "FPR": 0.015441047494247654,
  "FNR": 0.7910224438902743,
  "F1": 0.15469817242015876,
  "IoU": 0.08383353341336534,
  "Dice": 0.15469817242015876,
  "MCC": 0.14890097922659004
}