{
  "sample_id": "1092998_DF_251_251BDF0052_00941",
  "TP": 284,
  "TN": 190522,
  "FP": 3975,
  "FN": 1058,
  "Accuracy": 0.9743003181184544,
  "Precision": 0.06668231979337873,
  "Recall": 0.21162444113263784,
  "Specificity": 0.9795626667763513,
  "FPR": 0.020437333223648695,
  "FNR": 0.7883755588673621,
  "F1": 0.10141046241742546,
  "IoU": 0.05341357908595072,
  "Dice": 0.10141046241742546,
  "MCC": 0.10813403541625129
}