{
  "sample_id": "1094911_DF_251_251BDF0052_04494",
  "TP": 1381,
  "TN": 185690,
  "FP": 5960,
  "FN": 2808,
  "Accuracy": 0.9552285295574426,
  "Precision": 0.1881215093311538,
  "Recall": 0.3296729529720697,
  "Specificity": 0.9689016436211845,
  "FPR": 0.03109835637881555,
  "FNR": 0.6703270470279303,
  "F1": 0.23954900260190806,
  "IoU": 0.13607251946004534,
  "Dice": 0.23954900260190806,
  "MCC": 0.2274214691846572
}