{
  "sample_id": "1092942_DF_251_251BDF0052_00841",
  "TP": 386,
  "TN": 191657,
  "FP": 2431,
  "FN": 1365,
  "Accuracy": 0.9806167310903344,
  "Precision": 0.13702520411785588,
  "Recall": 0.220445459737293,
  "Specificity": 0.9874747537199621,
  "FPR": 0.01252524628003792,
  "FNR": 0.779554540262707,
  "F1": 0.1690017513134851,
  "IoU": 0.09230033476805356,
  "Dice": 0.1690017513134851,
  "MCC": 0.16437747262048774
}