{
  "sample_id": "1093534_DF_251_251BDF0052_01931",
  "TP": 86,
  "TN": 192550,
  "FP": 1945,
  "FN": 1258,
  "Accuracy": 0.9836447285780667,
  "Precision": 0.04234367306745446,
  "Recall": 0.06398809523809523,
  "Specificity": 0.9899997429239826,
  "FPR": 0.010000257076017378,
  "FNR": 0.9360119047619048,
  "F1": 0.05096296296296296,
  "IoU": 0.02614776527820006,
  "Dice": 0.05096296296296296,
  "MCC": 0.043995573231661395
}