{
  "sample_id": "1093337_DF_251_251BDF0052_01595",
  "TP": 0,
  "TN": 195563,
  "FP": 57,
  "FN": 219,
  "Accuracy": 0.9985906790782224,
  "Precision": 0.0,
  "Recall": 0.0,
  "Specificity": 0.999708618750639,
  "FPR": 0.000291381249361006,
  "FNR": 1.0,
  "F1": 0.0,
  "IoU": 0.0,
  "Dice": 0.0,
  "MCC": -0.0005709084586550437
}