{
  "sample_id": "1093012_DF_251_251BDF0052_00966",
  "TP": 31,
  "TN": 194538,
  "FP": 964,
  "FN": 306,
  "Accuracy": 0.9935150812657336,
  "Precision": 0.031155778894472363,
  "Recall": 0.09198813056379822,
  "Specificity": 0.9950691041523871,
  "FPR": 0.004930895847612812,
  "FNR": 0.9080118694362018,
  "F1": 0.046546546546546545,
  "IoU": 0.02382782475019216,
  "Dice": 0.046546546546546545,
  "MCC": 0.05075050430060277
}