{
  "sample_id": "1092938_DF_251_251BDF0052_00835",
  "TP": 2464,
  "TN": 170710,
  "FP": 18842,
  "FN": 3823,
  "Accuracy": 0.8842671786518518,
  "Precision": 0.1156481742232235,
  "Recall": 0.3919198345792906,
  "Specificity": 0.9005971976027687,
  "FPR": 0.09940280239723137,
  "FNR": 0.6080801654207094,
  "F1": 0.17859602072989525,
  "IoU": 0.09805404114767798,
  "Dice": 0.17859602072989525,
  "MCC": 0.16559504443857412
}