{
  "sample_id": "1092885_DF_251_251BDF0052_00741",
  "TP": 11,
  "TN": 194346,
  "FP": 871,
  "FN": 611,
  "Accuracy": 0.9924325593982812,
  "Precision": 0.012471655328798186,
  "Recall": 0.017684887459807074,
  "Specificity": 0.9955382984063887,
  "FPR": 0.0044617015936112125,
  "FNR": 0.9823151125401929,
  "F1": 0.014627659574468085,
  "IoU": 0.007367716008037508,
  "Dice": 0.014627659574468085,
  "MCC": 0.011111850834985577
}