{
  "sample_id": "1096057_DF_070_070BDF0010_02023",
  "TP": 0,
  "TN": 195029,
  "FP": 249,
  "FN": 561,
  "Accuracy": 0.9958639494686963,
  "Precision": 0.0,
  "Recall": 0.0,
  "Specificity": 0.9987248947654114,
  "FPR": 0.0012751052345886377,
  "FNR": 1.0,
  "F1": 0.0,
  "IoU": 0.0,
  "Dice": 0.0,
  "MCC": -0.0019124105092122121
}