{
  "sample_id": "1092978_DF_251_251BDF0052_00905",
  "TP": 173,
  "TN": 194571,
  "FP": 722,
  "FN": 373,
  "Accuracy": 0.9944086724299042,
  "Precision": 0.19329608938547485,
  "Recall": 0.31684981684981683,
  "Specificity": 0.9963029908906105,
  "FPR": 0.0036970091093894816,
  "FNR": 0.6831501831501832,
  "F1": 0.24011103400416378,
  "IoU": 0.13643533123028392,
  "Dice": 0.24011103400416378,
  "MCC": 0.2448102038939879
}