{
  "sample_id": "1092992_DF_251_251BDF0052_00931",
  "TP": 918,
  "TN": 186470,
  "FP": 5271,
  "FN": 3180,
  "Accuracy": 0.9568472061233972,
  "Precision": 0.14832767813863307,
  "Recall": 0.2240117130307467,
  "Specificity": 0.9725097918546373,
  "FPR": 0.027490208145362755,
  "FNR": 0.7759882869692533,
  "F1": 0.1784776902887139,
  "IoU": 0.09798270893371758,
  "Dice": 0.1784776902887139,
  "MCC": 0.16079290713569414
}