{
  "sample_id": "1093013_DF_251_251BDF0052_00968",
  "TP": 361,
  "TN": 190009,
  "FP": 4178,
  "FN": 1291,
  "Accuracy": 0.9720739995608638,
  "Precision": 0.0795329367702137,
  "Recall": 0.2185230024213075,
  "Specificity": 0.978484656542405,
  "FPR": 0.021515343457595,
  "FNR": 0.7814769975786925,
  "F1": 0.11662090130835083,
  "IoU": 0.06192109777015437,
  "Dice": 0.11662090130835083,
  "MCC": 0.11974589425341459
}