{
  "sample_id": "1092978_DF_251_251BDF0052_00905",
  "TP": 91,
  "TN": 194894,
  "FP": 399,
  "FN": 455,
  "Accuracy": 0.9956392751188476,
  "Precision": 0.18571428571428572,
  "Recall": 0.16666666666666666,
  "Specificity": 0.9979569160184952,
  "FPR": 0.0020430839815047132,
  "FNR": 0.8333333333333334,
  "F1": 0.17567567567567569,
  "IoU": 0.0962962962962963,
  "Dice": 0.17567567567567569,
  "MCC": 0.1737513039614193
}