{
  "sample_id": "1092905_DF_251_251BDF0052_00777",
  "TP": 3259,
  "TN": 169949,
  "FP": 14670,
  "FN": 7961,
  "Accuracy": 0.884440790649462,
  "Precision": 0.18177254726978637,
  "Recall": 0.29046345811051694,
  "Specificity": 0.9205390561101512,
  "FPR": 0.07946094388984883,
  "FNR": 0.7095365418894831,
  "F1": 0.2236097293217606,
  "IoU": 0.12587871765160294,
  "Dice": 0.2236097293217606,
  "MCC": 0.17003723817792465
}