{
  "sample_id": "1092876_DF_251_251BDF0052_00725",
  "TP": 595,
  "TN": 189245,
  "FP": 4151,
  "FN": 1848,
  "Accuracy": 0.969367694892233,
  "Precision": 0.12536873156342182,
  "Recall": 0.24355300859598855,
  "Specificity": 0.9785362675546547,
  "FPR": 0.0214637324453453,
  "FNR": 0.7564469914040115,
  "F1": 0.1655306718597858,
  "IoU": 0.09023354564755838,
  "Dice": 0.1655306718597858,
  "MCC": 0.16029752230110048
}