{
  "sample_id": "1093338_DF_251_251BDF0052_01597",
  "TP": 249,
  "TN": 190488,
  "FP": 2855,
  "FN": 2247,
  "Accuracy": 0.9739479878880101,
  "Precision": 0.08021907216494846,
  "Recall": 0.09975961538461539,
  "Specificity": 0.9852334969458424,
  "FPR": 0.014766503054157637,
  "FNR": 0.9002403846153846,
  "F1": 0.08892857142857143,
  "IoU": 0.04653335825079424,
  "Dice": 0.08892857142857143,
  "MCC": 0.07633594730752855
}