{
  "sample_id": "1092872_DF_251_251BDF0052_00718",
  "TP": 364,
  "TN": 188552,
  "FP": 5162,
  "FN": 1761,
  "Accuracy": 0.9646495335454123,
  "Precision": 0.0658704306912776,
  "Recall": 0.17129411764705882,
  "Specificity": 0.9733524680714868,
  "FPR": 0.026647531928513168,
  "FNR": 0.8287058823529412,
  "F1": 0.09515096065873742,
  "IoU": 0.049951969260326606,
  "Dice": 0.09515096065873742,
  "MCC": 0.09049581395701706
}