{
  "sample_id": "1093017_DF_251_251BDF0052_00975",
  "TP": 1695,
  "TN": 183213,
  "FP": 4465,
  "FN": 6466,
  "Accuracy": 0.9441837427682943,
  "Precision": 0.27516233766233766,
  "Recall": 0.20769513540007353,
  "Specificity": 0.9762092520167521,
  "FPR": 0.023790747983247904,
  "FNR": 0.7923048645999264,
  "F1": 0.23671531317645417,
  "IoU": 0.13424679233328055,
  "Dice": 0.23671531317645417,
  "MCC": 0.21055738625813322
}