{
  "sample_id": "1094278_DF_251_251BDF0052_03273",
  "TP": 243,
  "TN": 190966,
  "FP": 3668,
  "FN": 962,
  "Accuracy": 0.9763581309136586,
  "Precision": 0.06213244694451547,
  "Recall": 0.2016597510373444,
  "Specificity": 0.981154371795267,
  "FPR": 0.018845628204732987,
  "FNR": 0.7983402489626557,
  "F1": 0.09499609069585614,
  "IoU": 0.04986661194336138,
  "Dice": 0.09499609069585614,
  "MCC": 0.10218791631209401
}