{
  "sample_id": "1094544_DF_251_251BDF0052_03764",
  "TP": 788,
  "TN": 190997,
  "FP": 2861,
  "FN": 1193,
  "Accuracy": 0.9792993224025858,
  "Precision": 0.21594957522608935,
  "Recall": 0.397778899545684,
  "Specificity": 0.9852417749074065,
  "FPR": 0.014758225092593547,
  "FNR": 0.602221100454316,
  "F1": 0.2799289520426288,
  "IoU": 0.1627426683188765,
  "Dice": 0.2799289520426288,
  "MCC": 0.2834353362354419
}