{
  "sample_id": "1096028_DF_070_070BDF0010_01972",
  "TP": 39,
  "TN": 194301,
  "FP": 696,
  "FN": 803,
  "Accuracy": 0.9923457533994761,
  "Precision": 0.053061224489795916,
  "Recall": 0.04631828978622328,
  "Specificity": 0.9964307143186818,
  "FPR": 0.003569285681318174,
  "FNR": 0.9536817102137767,
  "F1": 0.04946100190234623,
  "IoU": 0.025357607282184655,
  "Dice": 0.04946100190234623,
  "MCC": 0.04574243253124329
}