{
  "sample_id": "1093881_DF_251_251BDF0052_02537",
  "TP": 155,
  "TN": 194073,
  "FP": 1113,
  "FN": 498,
  "Accuracy": 0.991773855054407,
  "Precision": 0.1222397476340694,
  "Recall": 0.23736600306278713,
  "Specificity": 0.9942977467646245,
  "FPR": 0.005702253235375488,
  "FNR": 0.7626339969372129,
  "F1": 0.16137428422696512,
  "IoU": 0.08776896942242356,
  "Dice": 0.16137428422696512,
  "MCC": 0.16651000052457599
}