{
  "sample_id": "1093880_DF_251_251BDF0052_02535",
  "TP": 15,
  "TN": 195535,
  "FP": 187,
  "FN": 102,
  "Accuracy": 0.9985242980203126,
  "Precision": 0.07425742574257425,
  "Recall": 0.1282051282051282,
  "Specificity": 0.9990445632069976,
  "FPR": 0.0009554367930023196,
  "FNR": 0.8717948717948718,
  "F1": 0.09404388714733543,
  "IoU": 0.049342105263157895,
  "Dice": 0.09404388714733543,
  "MCC": 0.09686531814646368
}