{
  "sample_id": "1093490_DF_251_251BDF0052_01857",
  "TP": 81,
  "TN": 193813,
  "FP": 1056,
  "FN": 889,
  "Accuracy": 0.9900683724896471,
  "Precision": 0.0712401055408971,
  "Recall": 0.08350515463917525,
  "Specificity": 0.9945809749113507,
  "FPR": 0.005419025088649298,
  "FNR": 0.9164948453608247,
  "F1": 0.07688656858092074,
  "IoU": 0.03998025666337611,
  "Dice": 0.07688656858092074,
  "MCC": 0.07215487915292566
}