{
  "sample_id": "1093965_DF_251_251BDF0052_02688",
  "TP": 29,
  "TN": 194524,
  "FP": 531,
  "FN": 755,
  "Accuracy": 0.9934333815021523,
  "Precision": 0.05178571428571429,
  "Recall": 0.036989795918367346,
  "Specificity": 0.9972776909076927,
  "FPR": 0.002722309092307298,
  "FNR": 0.9630102040816326,
  "F1": 0.043154761904761904,
  "IoU": 0.022053231939163497,
  "Dice": 0.043154761904761904,
  "MCC": 0.04052257593981368
}