{
  "sample_id": "1092966_DF_251_251BDF0052_00885",
  "TP": 276,
  "TN": 191841,
  "FP": 2569,
  "FN": 1153,
  "Accuracy": 0.9809945924968979,
  "Precision": 0.09701230228471001,
  "Recall": 0.19314205738278517,
  "Specificity": 0.9867856591739108,
  "FPR": 0.013214340826089193,
  "FNR": 0.8068579426172149,
  "F1": 0.129153018249883,
  "IoU": 0.06903451725862932,
  "Dice": 0.129153018249883,
  "MCC": 0.12798540405331155
}