{
  "sample_id": "1093099_DF_251_251BDF0052_01118",
  "TP": 564,
  "TN": 187889,
  "FP": 3612,
  "FN": 3774,
  "Accuracy": 0.9622853466367781,
  "Precision": 0.13505747126436782,
  "Recall": 0.13001383125864455,
  "Specificity": 0.981138479694623,
  "FPR": 0.018861520305376994,
  "FNR": 0.8699861687413555,
  "F1": 0.1324876673713883,
  "IoU": 0.0709433962264151,
  "Dice": 0.1324876673713883,
  "MCC": 0.11323988185437474
}