{
  "sample_id": "1092906_DF_251_251BDF0052_00778",
  "TP": 5774,
  "TN": 155660,
  "FP": 28224,
  "FN": 6181,
  "Accuracy": 0.8243199771240662,
  "Precision": 0.1698335196188011,
  "Recall": 0.4829778335424509,
  "Specificity": 0.8465119314350351,
  "FPR": 0.15348806856496486,
  "FNR": 0.5170221664575492,
  "F1": 0.2513002415511501,
  "IoU": 0.14370691157072102,
  "Dice": 0.2513002415511501,
  "MCC": 0.208265689526312
}