{
  "sample_id": "1093019_DF_251_251BDF0052_00978",
  "TP": 2825,
  "TN": 178494,
  "FP": 11055,
  "FN": 3465,
  "Accuracy": 0.925857464549962,
  "Precision": 0.20353025936599423,
  "Recall": 0.4491255961844197,
  "Specificity": 0.9416773499200735,
  "FPR": 0.05832265007992656,
  "FNR": 0.5508744038155803,
  "F1": 0.28011898859692613,
  "IoU": 0.16287114442202363,
  "Dice": 0.28011898859692613,
  "MCC": 0.26851119462112993
}