{
  "sample_id": "1093533_DF_251_251BDF0052_01930",
  "TP": 230,
  "TN": 190208,
  "FP": 3195,
  "FN": 2206,
  "Accuracy": 0.9724212235560843,
  "Precision": 0.06715328467153285,
  "Recall": 0.09441707717569786,
  "Specificity": 0.9834800907948688,
  "FPR": 0.016519909205131255,
  "FNR": 0.9055829228243021,
  "F1": 0.07848490018768128,
  "IoU": 0.04084532054697212,
  "Dice": 0.07848490018768128,
  "MCC": 0.06586327047299338
}