{
  "sample_id": "1096059_DF_070_070BDF0010_02026",
  "TP": 40,
  "TN": 194690,
  "FP": 548,
  "FN": 561,
  "Accuracy": 0.9943371851367705,
  "Precision": 0.06802721088435375,
  "Recall": 0.06655574043261231,
  "Specificity": 0.9971931693625217,
  "FPR": 0.0028068306374783598,
  "FNR": 0.9334442595673876,
  "F1": 0.0672834314550042,
  "IoU": 0.034812880765883375,
  "Dice": 0.0672834314550042,
  "MCC": 0.06444761893756071
}