{
  "sample_id": "1092853_DF_251_251BDF0052_00685",
  "TP": 740,
  "TN": 186225,
  "FP": 6542,
  "FN": 2332,
  "Accuracy": 0.9546872686237164,
  "Precision": 0.10162043394671794,
  "Recall": 0.24088541666666666,
  "Specificity": 0.9660626559525229,
  "FPR": 0.033937344047477,
  "FNR": 0.7591145833333334,
  "F1": 0.14293992659841606,
  "IoU": 0.07697108383607239,
  "Dice": 0.14293992659841606,
  "MCC": 0.1359069507995197
}