{
  "sample_id": "1092866_DF_251_251BDF0052_00708",
  "TP": 165,
  "TN": 192060,
  "FP": 1684,
  "FN": 1930,
  "Accuracy": 0.9815460659010719,
  "Precision": 0.08923742563547864,
  "Recall": 0.07875894988066826,
  "Specificity": 0.9913081179288132,
  "FPR": 0.008691882071186721,
  "FNR": 0.9212410501193318,
  "F1": 0.08367139959432049,
  "IoU": 0.043662344535591424,
  "Dice": 0.08367139959432049,
  "MCC": 0.074535292626037
}