{
  "sample_id": "1092963_DF_251_251BDF0052_00879",
  "TP": 951,
  "TN": 188019,
  "FP": 4837,
  "FN": 2032,
  "Accuracy": 0.9649252702474992,
  "Precision": 0.16430545957152728,
  "Recall": 0.31880657056654377,
  "Specificity": 0.9749191106317667,
  "FPR": 0.025080889368233293,
  "FNR": 0.6811934294334563,
  "F1": 0.2168509862045377,
  "IoU": 0.12161125319693095,
  "Dice": 0.2168509862045377,
  "MCC": 0.2124152940419065
}