{
  "sample_id": "1093596_DF_251_251BDF0052_02035",
  "TP": 7,
  "TN": 195373,
  "FP": 339,
  "FN": 120,
  "Accuracy": 0.9976562380322612,
  "Precision": 0.02023121387283237,
  "Recall": 0.05511811023622047,
  "Specificity": 0.9982678629823414,
  "FPR": 0.0017321370176586004,
  "FNR": 0.9448818897637795,
  "F1": 0.02959830866807611,
  "IoU": 0.015021459227467811,
  "Dice": 0.02959830866807611,
  "MCC": 0.03236190638427495
}