{
  "sample_id": "1093965_DF_251_251BDF0052_02688",
  "TP": 18,
  "TN": 194648,
  "FP": 407,
  "FN": 766,
  "Accuracy": 0.9940103860824453,
  "Precision": 0.042352941176470586,
  "Recall": 0.02295918367346939,
  "Specificity": 0.9979134090384764,
  "FPR": 0.002086590961523673,
  "FNR": 0.9770408163265306,
  "F1": 0.02977667493796526,
  "IoU": 0.015113350125944584,
  "Dice": 0.02977667493796526,
  "MCC": 0.028323092552915347
}