{
  "sample_id": "1094243_DF_251_251BDF0052_03205",
  "TP": 161,
  "TN": 193112,
  "FP": 1426,
  "FN": 1140,
  "Accuracy": 0.9868974004156476,
  "Precision": 0.10144927536231885,
  "Recall": 0.12375096079938509,
  "Specificity": 0.9926698125816036,
  "FPR": 0.007330187418396406,
  "FNR": 0.8762490392006149,
  "F1": 0.11149584487534626,
  "IoU": 0.05903923725705904,
  "Dice": 0.11149584487534626,
  "MCC": 0.10548729083076372
}