{
  "sample_id": "1094261_DF_251_251BDF0052_03241",
  "TP": 361,
  "TN": 189819,
  "FP": 4578,
  "FN": 1081,
  "Accuracy": 0.9711038148683357,
  "Precision": 0.07309171897145171,
  "Recall": 0.2503467406380028,
  "Specificity": 0.9764502538619423,
  "FPR": 0.023549746138057687,
  "FNR": 0.7496532593619972,
  "F1": 0.11314840934022881,
  "IoU": 0.05996677740863787,
  "Dice": 0.11314840934022881,
  "MCC": 0.12366369737327951
}