{
  "sample_id": "1092944_DF_251_251BDF0052_00844",
  "TP": 6,
  "TN": 195097,
  "FP": 440,
  "FN": 296,
  "Accuracy": 0.9962418108752598,
  "Precision": 0.013452914798206279,
  "Recall": 0.019867549668874173,
  "Specificity": 0.9977497864854222,
  "FPR": 0.0022502135145778036,
  "FNR": 0.9801324503311258,
  "F1": 0.016042780748663103,
  "IoU": 0.008086253369272238,
  "Dice": 0.016042780748663103,
  "MCC": 0.014502279023241707
}