{
  "sample_id": "1094253_DF_251_251BDF0052_03226",
  "TP": 497,
  "TN": 190504,
  "FP": 3671,
  "FN": 1167,
  "Accuracy": 0.9752960339871016,
  "Precision": 0.11924184261036469,
  "Recall": 0.29867788461538464,
  "Specificity": 0.981094373632033,
  "FPR": 0.01890562636796704,
  "FNR": 0.7013221153846154,
  "F1": 0.17043895747599452,
  "IoU": 0.09315838800374883,
  "Dice": 0.17043895747599452,
  "MCC": 0.17792456256561268
}