{
  "sample_id": "1092982_DF_251_251BDF0052_00912",
  "TP": 967,
  "TN": 188336,
  "FP": 3527,
  "FN": 3009,
  "Accuracy": 0.9666256465770352,
  "Precision": 0.2151757899421451,
  "Recall": 0.2432092555331992,
  "Specificity": 0.9816170913620657,
  "FPR": 0.018382908637934358,
  "FNR": 0.7567907444668008,
  "F1": 0.2283353010625738,
  "IoU": 0.1288817806210849,
  "Dice": 0.2283353010625738,
  "MCC": 0.21175853025803903
}