{
  "sample_id": "1092891_DF_251_251BDF0052_00751",
  "TP": 177,
  "TN": 189254,
  "FP": 4977,
  "FN": 1431,
  "Accuracy": 0.9672792446856857,
  "Precision": 0.03434225844004657,
  "Recall": 0.11007462686567164,
  "Specificity": 0.9743758720286669,
  "FPR": 0.025624127971333104,
  "FNR": 0.8899253731343284,
  "F1": 0.05235137533274179,
  "IoU": 0.026879271070615034,
  "Dice": 0.05235137533274179,
  "MCC": 0.04760735377068326
}