{
  "sample_id": "1096019_DF_070_070BDF0010_01956",
  "TP": 2692,
  "TN": 187005,
  "FP": 2393,
  "FN": 3749,
  "Accuracy": 0.9686375032552249,
  "Precision": 0.5294001966568338,
  "Recall": 0.4179475236764478,
  "Specificity": 0.9873652308894497,
  "FPR": 0.01263476911055027,
  "FNR": 0.5820524763235523,
  "F1": 0.46711782057955925,
  "IoU": 0.3047317183608784,
  "Dice": 0.46711782057955925,
  "MCC": 0.4545402107642294
}