{
  "sample_id": "1093100_DF_251_251BDF0052_01120",
  "TP": 629,
  "TN": 183491,
  "FP": 9997,
  "FN": 1722,
  "Accuracy": 0.9401600294119149,
  "Precision": 0.05919442875964615,
  "Recall": 0.2675457252233092,
  "Specificity": 0.9483327131398329,
  "FPR": 0.05166728686016704,
  "FNR": 0.7324542747766908,
  "F1": 0.09694074131155121,
  "IoU": 0.05093942338840298,
  "Dice": 0.09694074131155121,
  "MCC": 0.10378676161025799
}