{
  "sample_id": "1092881_DF_251_251BDF0052_00734",
  "TP": 353,
  "TN": 192915,
  "FP": 1516,
  "FN": 1055,
  "Accuracy": 0.9868718692395284,
  "Precision": 0.18887105403959337,
  "Recall": 0.2507102272727273,
  "Specificity": 0.9922028894569281,
  "FPR": 0.007797110543071835,
  "FNR": 0.7492897727272727,
  "F1": 0.21544095209032652,
  "IoU": 0.1207250341997264,
  "Dice": 0.21544095209032652,
  "MCC": 0.2110877909755907
}