{
  "sample_id": "1093341_DF_251_251BDF0052_01602",
  "TP": 229,
  "TN": 190874,
  "FP": 2839,
  "FN": 1897,
  "Accuracy": 0.9758168699799324,
  "Precision": 0.07464146023468057,
  "Recall": 0.1077140169332079,
  "Specificity": 0.9853442980078776,
  "FPR": 0.014655701992122367,
  "FNR": 0.8922859830667921,
  "F1": 0.08817866769349249,
  "IoU": 0.04612286002014099,
  "Dice": 0.08817866769349249,
  "MCC": 0.07765468638096096
}