{
  "sample_id": "1098964_DF_070_070BDF0010_07294",
  "TP": 0,
  "TN": 195281,
  "FP": 286,
  "FN": 272,
  "Accuracy": 0.9971507207451018,
  "Precision": 0.0,
  "Recall": 0.0,
  "Specificity": 0.99853758558448,
  "FPR": 0.0014624144155200008,
  "FNR": 1.0,
  "F1": 0.0,
  "IoU": 0.0,
  "Dice": 0.0,
  "MCC": -0.0014262230145983025
}