{
  "sample_id": "1094287_DF_251_251BDF0052_03289",
  "TP": 67,
  "TN": 193301,
  "FP": 1315,
  "FN": 1156,
  "Accuracy": 0.9873824927619116,
  "Precision": 0.04848046309696093,
  "Recall": 0.05478331970564186,
  "Specificity": 0.9932431043696305,
  "FPR": 0.006756895630369548,
  "FNR": 0.9452166802943581,
  "F1": 0.05143953934740883,
  "IoU": 0.02639873916469661,
  "Dice": 0.05143953934740883,
  "MCC": 0.045197762815366034
}