{
  "sample_id": "1092867_DF_251_251BDF0052_00710",
  "TP": 247,
  "TN": 191182,
  "FP": 2563,
  "FN": 1847,
  "Accuracy": 0.9774815026629017,
  "Precision": 0.08790035587188612,
  "Recall": 0.11795606494746896,
  "Specificity": 0.9867712715166843,
  "FPR": 0.013228728483315699,
  "FNR": 0.8820439350525311,
  "F1": 0.10073409461663947,
  "IoU": 0.05303843676186386,
  "Dice": 0.10073409461663947,
  "MCC": 0.09057309497493095
}