{
  "sample_id": "1093016_DF_251_251BDF0052_00973",
  "TP": 981,
  "TN": 184613,
  "FP": 7945,
  "FN": 2300,
  "Accuracy": 0.947686620131843,
  "Precision": 0.10990365225184853,
  "Recall": 0.2989942090825968,
  "Specificity": 0.958739704400752,
  "FPR": 0.04126029559924802,
  "FNR": 0.7010057909174032,
  "F1": 0.16072745146227574,
  "IoU": 0.08738642437199359,
  "Dice": 0.16072745146227574,
  "MCC": 0.15860149304605597
}