{
  "sample_id": "1093490_DF_251_251BDF0052_01857",
  "TP": 137,
  "TN": 192927,
  "FP": 1942,
  "FN": 833,
  "Accuracy": 0.9858301972538667,
  "Precision": 0.0658970658970659,
  "Recall": 0.14123711340206185,
  "Specificity": 0.9900343307555332,
  "FPR": 0.009965669244466796,
  "FNR": 0.8587628865979381,
  "F1": 0.0898655296818629,
  "IoU": 0.047046703296703296,
  "Dice": 0.0898655296818629,
  "MCC": 0.08992246446439078
}