{
  "sample_id": "1093596_DF_251_251BDF0052_02035",
  "TP": 5,
  "TN": 195500,
  "FP": 212,
  "FN": 122,
  "Accuracy": 0.9982945174352402,
  "Precision": 0.02304147465437788,
  "Recall": 0.03937007874015748,
  "Specificity": 0.9989167756703728,
  "FPR": 0.0010832243296272073,
  "FNR": 0.9606299212598425,
  "F1": 0.029069767441860465,
  "IoU": 0.014749262536873156,
  "Dice": 0.029069767441860465,
  "MCC": 0.029296892706520434
}