{
  "sample_id": "1093204_DF_251_251BDF0052_01335",
  "TP": 23,
  "TN": 194988,
  "FP": 358,
  "FN": 470,
  "Accuracy": 0.9957720372346672,
  "Precision": 0.06036745406824147,
  "Recall": 0.04665314401622718,
  "Specificity": 0.9981673543353844,
  "FPR": 0.001832645664615605,
  "FNR": 0.9533468559837728,
  "F1": 0.05263157894736842,
  "IoU": 0.02702702702702703,
  "Dice": 0.05263157894736842,
  "MCC": 0.05096983045834482
}