{
  "sample_id": "1092891_DF_251_251BDF0052_00751",
  "TP": 85,
  "TN": 192218,
  "FP": 2013,
  "FN": 1523,
  "Accuracy": 0.9819443522485307,
  "Precision": 0.04051477597712107,
  "Recall": 0.05286069651741294,
  "Specificity": 0.9896360519175621,
  "FPR": 0.010363948082437922,
  "FNR": 0.947139303482587,
  "F1": 0.045871559633027525,
  "IoU": 0.023474178403755867,
  "Dice": 0.045871559633027525,
  "MCC": 0.03725156190919519
}