{
  "sample_id": "1096522_DF_070_070BDF0010_02866",
  "TP": 7,
  "TN": 195272,
  "FP": 254,
  "FN": 306,
  "Accuracy": 0.9971405082746542,
  "Precision": 0.02681992337164751,
  "Recall": 0.022364217252396165,
  "Specificity": 0.9987009400284361,
  "FPR": 0.001299059971563884,
  "FNR": 0.9776357827476039,
  "F1": 0.024390243902439025,
  "IoU": 0.012345679012345678,
  "Dice": 0.024390243902439025,
  "MCC": 0.023065287841265356
}