{
  "sample_id": "1092989_DF_251_251BDF0052_00925",
  "TP": 369,
  "TN": 190312,
  "FP": 3043,
  "FN": 2115,
  "Accuracy": 0.9736620387154755,
  "Precision": 0.10814771395076202,
  "Recall": 0.14855072463768115,
  "Specificity": 0.9842621085567996,
  "FPR": 0.01573789144320033,
  "FNR": 0.8514492753623188,
  "F1": 0.1251696065128901,
  "IoU": 0.0667631626560521,
  "Dice": 0.1251696065128901,
  "MCC": 0.11359416532145893
}