{
  "sample_id": "1093968_DF_251_251BDF0052_02694",
  "TP": 228,
  "TN": 188505,
  "FP": 2838,
  "FN": 4268,
  "Accuracy": 0.9637150924994511,
  "Precision": 0.07436399217221135,
  "Recall": 0.050711743772241996,
  "Specificity": 0.9851679967388407,
  "FPR": 0.01483200326115928,
  "FNR": 0.949288256227758,
  "F1": 0.06030150753768844,
  "IoU": 0.031088082901554404,
  "Dice": 0.06030150753768844,
  "MCC": 0.04328720609826048
}