{
  "sample_id": "1092959_DF_251_251BDF0052_00872",
  "TP": 691,
  "TN": 182618,
  "FP": 10225,
  "FN": 2305,
  "Accuracy": 0.9360188726453873,
  "Precision": 0.06330157566874313,
  "Recall": 0.23064085447263016,
  "Specificity": 0.9469775931716474,
  "FPR": 0.053022406828352596,
  "FNR": 0.7693591455273698,
  "F1": 0.09933870040253019,
  "IoU": 0.05226533545117616,
  "Dice": 0.09933870040253019,
  "MCC": 0.09502408259803101
}