{
  "sample_id": "1094288_DF_251_251BDF0052_03291",
  "TP": 210,
  "TN": 193410,
  "FP": 1239,
  "FN": 980,
  "Accuracy": 0.9886692640383172,
  "Precision": 0.14492753623188406,
  "Recall": 0.17647058823529413,
  "Specificity": 0.993634696299493,
  "FPR": 0.0063653037005070665,
  "FNR": 0.8235294117647058,
  "F1": 0.15915119363395225,
  "IoU": 0.08645533141210375,
  "Dice": 0.15915119363395225,
  "MCC": 0.15425747642751028
}