{
  "sample_id": "1092898_DF_251_251BDF0052_00764",
  "TP": 0,
  "TN": 195304,
  "FP": 278,
  "FN": 257,
  "Accuracy": 0.99726816415525,
  "Precision": 0.0,
  "Recall": 0.0,
  "Specificity": 0.9985786013027784,
  "FPR": 0.0014213986972216256,
  "FNR": 1.0,
  "F1": 0.0,
  "IoU": 0.0,
  "Dice": 0.0,
  "MCC": -0.0013667320963456216
}