{
  "sample_id": "1095847_DF_070_070BDF0010_01637",
  "TP": 283,
  "TN": 192999,
  "FP": 1318,
  "FN": 1239,
  "Accuracy": 0.9869433565326621,
  "Precision": 0.17676452217364147,
  "Recall": 0.1859395532194481,
  "Specificity": 0.9932172686898213,
  "FPR": 0.006782731310178728,
  "FNR": 0.8140604467805519,
  "F1": 0.18123599103426194,
  "IoU": 0.09964788732394367,
  "Dice": 0.18123599103426194,
  "MCC": 0.17471625402925406
}