{
  "sample_id": "1093203_DF_251_251BDF0052_01334",
  "TP": 17,
  "TN": 195498,
  "FP": 147,
  "FN": 177,
  "Accuracy": 0.9983455797874785,
  "Precision": 0.10365853658536585,
  "Recall": 0.08762886597938144,
  "Specificity": 0.9992486391167676,
  "FPR": 0.0007513608832323852,
  "FNR": 0.9123711340206185,
  "F1": 0.09497206703910614,
  "IoU": 0.04985337243401759,
  "Dice": 0.09497206703910614,
  "MCC": 0.09448285043265361
}