{
  "sample_id": "1093014_DF_251_251BDF0052_00970",
  "TP": 1122,
  "TN": 184368,
  "FP": 8396,
  "FN": 1953,
  "Accuracy": 0.9471555716685645,
  "Precision": 0.11788190796385796,
  "Recall": 0.3648780487804878,
  "Specificity": 0.9564441493224876,
  "FPR": 0.0435558506775124,
  "FNR": 0.6351219512195122,
  "F1": 0.17819423489240055,
  "IoU": 0.09781187341992852,
  "Dice": 0.17819423489240055,
  "MCC": 0.18576868234752916
}