{
  "sample_id": "1092908_DF_251_251BDF0052_00782",
  "TP": 319,
  "TN": 189581,
  "FP": 4508,
  "FN": 1431,
  "Accuracy": 0.9696740690056628,
  "Precision": 0.06608659622954216,
  "Recall": 0.18228571428571427,
  "Specificity": 0.9767735420348397,
  "FPR": 0.023226457965160312,
  "FNR": 0.8177142857142857,
  "F1": 0.09700471339516496,
  "IoU": 0.050974752317034196,
  "Dice": 0.09700471339516496,
  "MCC": 0.09654048088387546
}