{
  "sample_id": "1094702_DF_251_251BDF0052_04058",
  "TP": 6,
  "TN": 194835,
  "FP": 393,
  "FN": 605,
  "Accuracy": 0.9949039772466158,
  "Precision": 0.015037593984962405,
  "Recall": 0.009819967266775777,
  "Specificity": 0.9979869690823038,
  "FPR": 0.0020130309176962322,
  "FNR": 0.9901800327332242,
  "F1": 0.011881188118811881,
  "IoU": 0.00597609561752988,
  "Dice": 0.011881188118811881,
  "MCC": 0.009655596784246493
}