{
  "sample_id": "1097246_DF_070_070BDF0010_04154",
  "TP": 5,
  "TN": 195044,
  "FP": 396,
  "FN": 394,
  "Accuracy": 0.9959660741731728,
  "Precision": 0.012468827930174564,
  "Recall": 0.012531328320802004,
  "Specificity": 0.9979738027015964,
  "FPR": 0.002026197298403602,
  "FNR": 0.9874686716791979,
  "F1": 0.0125,
  "IoU": 0.006289308176100629,
  "Dice": 0.0125,
  "MCC": 0.010478954558842192
}