{
  "sample_id": "1093001_DF_251_251BDF0052_00947",
  "TP": 60,
  "TN": 193655,
  "FP": 1194,
  "FN": 930,
  "Accuracy": 0.9891543563845812,
  "Precision": 0.04784688995215311,
  "Recall": 0.06060606060606061,
  "Specificity": 0.9938721779429199,
  "FPR": 0.006127822057080098,
  "FNR": 0.9393939393939394,
  "F1": 0.053475935828877004,
  "IoU": 0.027472527472527472,
  "Dice": 0.053475935828877004,
  "MCC": 0.048438010539782785
}