{
  "sample_id": "1092996_DF_251_251BDF0052_00937",
  "TP": 645,
  "TN": 187681,
  "FP": 4344,
  "FN": 3169,
  "Accuracy": 0.9616368547633515,
  "Precision": 0.12928442573662058,
  "Recall": 0.1691137912952281,
  "Specificity": 0.9773779455800026,
  "FPR": 0.022622054419997397,
  "FNR": 0.8308862087047719,
  "F1": 0.14654095194819947,
  "IoU": 0.0790634959548909,
  "Dice": 0.14654095194819947,
  "MCC": 0.12847822423652605
}