{
  "sample_id": "1092895_DF_251_251BDF0052_00759",
  "TP": 201,
  "TN": 192125,
  "FP": 1782,
  "FN": 1731,
  "Accuracy": 0.9820617956586788,
  "Precision": 0.10136157337367625,
  "Recall": 0.10403726708074534,
  "Specificity": 0.9908100274874038,
  "FPR": 0.009189972512596244,
  "FNR": 0.8959627329192547,
  "F1": 0.10268199233716475,
  "IoU": 0.05411954765751212,
  "Dice": 0.10268199233716475,
  "MCC": 0.09363199382719582
}