{
  "sample_id": "1092959_DF_251_251BDF0052_00872",
  "TP": 370,
  "TN": 188970,
  "FP": 3873,
  "FN": 2626,
  "Accuracy": 0.966814577280317,
  "Precision": 0.0872024510959227,
  "Recall": 0.12349799732977303,
  "Specificity": 0.9799163049734758,
  "FPR": 0.020083695026524167,
  "FNR": 0.8765020026702269,
  "F1": 0.102224064097251,
  "IoU": 0.05386519143980201,
  "Dice": 0.102224064097251,
  "MCC": 0.08718137523131622
}