{
  "sample_id": "1096016_DF_070_070BDF0010_01950",
  "TP": 0,
  "TN": 195101,
  "FP": 354,
  "FN": 384,
  "Accuracy": 0.9962315984048121,
  "Precision": 0.0,
  "Recall": 0.0,
  "Specificity": 0.998188841421299,
  "FPR": 0.0018111585787009797,
  "FNR": 1.0,
  "F1": 0.0,
  "IoU": 0.0,
  "Dice": 0.0,
  "MCC": -0.0018861973550072515
}