{
  "sample_id": "1096059_DF_070_070BDF0010_02026",
  "TP": 53,
  "TN": 194494,
  "FP": 744,
  "FN": 548,
  "Accuracy": 0.9934027440908093,
  "Precision": 0.06649937264742785,
  "Recall": 0.08818635607321132,
  "Specificity": 0.9961892664337885,
  "FPR": 0.003810733566211496,
  "FNR": 0.9118136439267887,
  "F1": 0.07582260371959942,
  "IoU": 0.03940520446096654,
  "Dice": 0.07582260371959942,
  "MCC": 0.07330661559379958
}