{
  "sample_id": "1092957_DF_251_251BDF0052_00869",
  "TP": 27,
  "TN": 194435,
  "FP": 616,
  "FN": 761,
  "Accuracy": 0.9929687140967836,
  "Precision": 0.041990668740279936,
  "Recall": 0.03426395939086294,
  "Specificity": 0.9968418516182947,
  "FPR": 0.0031581483817052975,
  "FNR": 0.9657360406091371,
  "F1": 0.03773584905660377,
  "IoU": 0.019230769230769232,
  "Dice": 0.03773584905660377,
  "MCC": 0.034422133533338034
}