{
  "sample_id": "1092856_DF_251_251BDF0052_00690",
  "TP": 5,
  "TN": 194814,
  "FP": 410,
  "FN": 610,
  "Accuracy": 0.9947916400716915,
  "Precision": 0.012048192771084338,
  "Recall": 0.008130081300813009,
  "Specificity": 0.9978998483792977,
  "FPR": 0.0021001516207023725,
  "FNR": 0.991869918699187,
  "F1": 0.009708737864077669,
  "IoU": 0.004878048780487805,
  "Dice": 0.009708737864077669,
  "MCC": 0.007336744773350246
}