{
  "sample_id": "1096017_DF_070_070BDF0010_01952",
  "TP": 656,
  "TN": 190773,
  "FP": 2128,
  "FN": 2282,
  "Accuracy": 0.9774815026629017,
  "Precision": 0.23563218390804597,
  "Recall": 0.22328114363512594,
  "Specificity": 0.9889684345856165,
  "FPR": 0.011031565414383543,
  "FNR": 0.776718856364874,
  "F1": 0.22929045788185948,
  "IoU": 0.12949072246348203,
  "Dice": 0.22929045788185948,
  "MCC": 0.21795399238554677
}