{
  "sample_id": "1097247_DF_070_070BDF0010_04156",
  "TP": 147,
  "TN": 193578,
  "FP": 1162,
  "FN": 952,
  "Accuracy": 0.9892054187368196,
  "Precision": 0.11229946524064172,
  "Recall": 0.1337579617834395,
  "Specificity": 0.9940330697340043,
  "FPR": 0.005966930265995687,
  "FNR": 0.8662420382165605,
  "F1": 0.12209302325581395,
  "IoU": 0.06501547987616099,
  "Dice": 0.12209302325581395,
  "MCC": 0.11715577144607862
}