{
  "sample_id": "1092964_DF_251_251BDF0052_00881",
  "TP": 419,
  "TN": 188505,
  "FP": 4034,
  "FN": 2881,
  "Accuracy": 0.9646903834272029,
  "Precision": 0.09409386930159443,
  "Recall": 0.12696969696969698,
  "Specificity": 0.9790484005837778,
  "FPR": 0.02095159941622217,
  "FNR": 0.873030303030303,
  "F1": 0.1080871920546885,
  "IoU": 0.057131169893646035,
  "Dice": 0.1080871920546885,
  "MCC": 0.0915408418764465
}