{
  "sample_id": "1092868_DF_251_251BDF0052_00711",
  "TP": 451,
  "TN": 188482,
  "FP": 3615,
  "FN": 3291,
  "Accuracy": 0.9647363395442174,
  "Precision": 0.11091982292179045,
  "Recall": 0.1205237840726884,
  "Specificity": 0.9811813823224725,
  "FPR": 0.0188186176775275,
  "FNR": 0.8794762159273116,
  "F1": 0.11552254098360656,
  "IoU": 0.061302161207013726,
  "Dice": 0.11552254098360656,
  "MCC": 0.09765124378103238
}