{
  "sample_id": "1092874_DF_251_251BDF0052_00722",
  "TP": 644,
  "TN": 189394,
  "FP": 3021,
  "FN": 2780,
  "Accuracy": 0.9703787294665516,
  "Precision": 0.1757162346521146,
  "Recall": 0.18808411214953272,
  "Specificity": 0.9842995608450484,
  "FPR": 0.015700439154951538,
  "FNR": 0.8119158878504673,
  "F1": 0.18168994216391593,
  "IoU": 0.09992242048099302,
  "Dice": 0.18168994216391593,
  "MCC": 0.16672401725220456
}