{
  "sample_id": "1092937_DF_251_251BDF0052_00833",
  "TP": 341,
  "TN": 189939,
  "FP": 3136,
  "FN": 2423,
  "Accuracy": 0.9716144383907189,
  "Precision": 0.09807305148116192,
  "Recall": 0.12337192474674386,
  "Specificity": 0.9837576071474815,
  "FPR": 0.016242392852518453,
  "FNR": 0.8766280752532561,
  "F1": 0.10927735939753244,
  "IoU": 0.05779661016949152,
  "Dice": 0.10927735939753244,
  "MCC": 0.09569279972615442
}