{
  "sample_id": "1092992_DF_251_251BDF0052_00931",
  "TP": 1666,
  "TN": 180413,
  "FP": 11328,
  "FN": 2432,
  "Accuracy": 0.9297382033200742,
  "Precision": 0.12821302139448976,
  "Recall": 0.406539775500244,
  "Specificity": 0.9409203039516848,
  "FPR": 0.05907969604831517,
  "FNR": 0.593460224499756,
  "F1": 0.19494500351041422,
  "IoU": 0.10799948139504732,
  "Dice": 0.19494500351041422,
  "MCC": 0.199818369139533
}