{
  "sample_id": "1094544_DF_251_251BDF0052_03764",
  "TP": 513,
  "TN": 191768,
  "FP": 2090,
  "FN": 1468,
  "Accuracy": 0.9818320150736064,
  "Precision": 0.19708029197080293,
  "Recall": 0.25896012115093386,
  "Specificity": 0.989218912812471,
  "FPR": 0.010781087187529017,
  "FNR": 0.7410398788490661,
  "F1": 0.2238219895287958,
  "IoU": 0.1260132645541636,
  "Dice": 0.2238219895287958,
  "MCC": 0.2168543248253293
}