{
  "sample_id": "1092871_DF_251_251BDF0052_00716",
  "TP": 472,
  "TN": 186554,
  "FP": 7070,
  "FN": 1743,
  "Accuracy": 0.9549987489723701,
  "Precision": 0.06258286926544683,
  "Recall": 0.21309255079006773,
  "Specificity": 0.9634859314960955,
  "FPR": 0.03651406850390448,
  "FNR": 0.7869074492099323,
  "F1": 0.09675105052782618,
  "IoU": 0.05083467959073775,
  "Dice": 0.09675105052782618,
  "MCC": 0.09703742744314343
}