{
  "sample_id": "1092960_DF_251_251BDF0052_00874",
  "TP": 1260,
  "TN": 183043,
  "FP": 9618,
  "FN": 1918,
  "Accuracy": 0.9410944704578761,
  "Precision": 0.11583011583011583,
  "Recall": 0.3964757709251101,
  "Specificity": 0.9500781164843949,
  "FPR": 0.04992188351560513,
  "FNR": 0.6035242290748899,
  "F1": 0.17928286852589642,
  "IoU": 0.09846827133479212,
  "Dice": 0.17928286852589642,
  "MCC": 0.1911745236432801
}