{
  "sample_id": "1092843_DF_251_251BDF0052_00667",
  "TP": 445,
  "TN": 187940,
  "FP": 3722,
  "FN": 3732,
  "Accuracy": 0.9619381226415576,
  "Precision": 0.10679145668346532,
  "Recall": 0.10653579123773042,
  "Specificity": 0.9805803967400946,
  "FPR": 0.01941960325990546,
  "FNR": 0.8934642087622696,
  "F1": 0.10666347075743049,
  "IoU": 0.056336245094315736,
  "Dice": 0.10666347075743049,
  "MCC": 0.08721838111459314
}