{
  "sample_id": "1093507_DF_251_251BDF0052_01886",
  "TP": 554,
  "TN": 190378,
  "FP": 2637,
  "FN": 2270,
  "Accuracy": 0.9749437037566573,
  "Precision": 0.17361328737073017,
  "Recall": 0.1961756373937677,
  "Specificity": 0.9863378493899437,
  "FPR": 0.013662150610056214,
  "FNR": 0.8038243626062322,
  "F1": 0.18420615128844556,
  "IoU": 0.10144662149789416,
  "Dice": 0.18420615128844556,
  "MCC": 0.1718609406020637
}