{
  "sample_id": "1094254_DF_251_251BDF0052_03227",
  "TP": 786,
  "TN": 189371,
  "FP": 3659,
  "FN": 2023,
  "Accuracy": 0.9709863714581876,
  "Precision": 0.17682789651293587,
  "Recall": 0.27981488074047706,
  "Specificity": 0.9810443972439518,
  "FPR": 0.01895560275604828,
  "FNR": 0.720185119259523,
  "F1": 0.21670802315963605,
  "IoU": 0.12152133580705009,
  "Dice": 0.21670802315963605,
  "MCC": 0.20825456051230465
}