{
  "sample_id": "1092946_DF_251_251BDF0052_00848",
  "TP": 41,
  "TN": 191903,
  "FP": 3499,
  "FN": 396,
  "Accuracy": 0.980111213803175,
  "Precision": 0.011581920903954802,
  "Recall": 0.09382151029748284,
  "Specificity": 0.9820933255544979,
  "FPR": 0.017906674445502094,
  "FNR": 0.9061784897025171,
  "F1": 0.020618556701030927,
  "IoU": 0.010416666666666666,
  "Dice": 0.020618556701030927,
  "MCC": 0.026886962047272076
}