{
  "sample_id": "1092948_DF_251_251BDF0052_00851",
  "TP": 676,
  "TN": 188919,
  "FP": 3311,
  "FN": 2933,
  "Accuracy": 0.9681166672623941,
  "Precision": 0.16955104088286932,
  "Recall": 0.18730950401773344,
  "Specificity": 0.9827758414399418,
  "FPR": 0.017224158560058263,
  "FNR": 0.8126904959822665,
  "F1": 0.1779884149552396,
  "IoU": 0.09768786127167631,
  "Dice": 0.1779884149552396,
  "MCC": 0.16198120937079485
}