{
  "sample_id": "1093966_DF_251_251BDF0052_02690",
  "TP": 41,
  "TN": 194771,
  "FP": 454,
  "FN": 573,
  "Accuracy": 0.9947558964251247,
  "Precision": 0.08282828282828283,
  "Recall": 0.06677524429967427,
  "Specificity": 0.9976744781662185,
  "FPR": 0.002325521833781534,
  "FNR": 0.9332247557003257,
  "F1": 0.0739404869251578,
  "IoU": 0.03838951310861423,
  "Dice": 0.0739404869251578,
  "MCC": 0.07175799824922387
}