{
  "sample_id": "1092875_DF_251_251BDF0052_00723",
  "TP": 455,
  "TN": 190150,
  "FP": 2375,
  "FN": 2859,
  "Accuracy": 0.9732739648384643,
  "Precision": 0.1607773851590106,
  "Recall": 0.13729631864815933,
  "Specificity": 0.9876639397480846,
  "FPR": 0.012336060251915335,
  "FNR": 0.8627036813518407,
  "F1": 0.14811197916666666,
  "IoU": 0.07997890666197925,
  "Dice": 0.14811197916666666,
  "MCC": 0.13505470996418806
}