{
  "sample_id": "1093020_DF_251_251BDF0052_00980",
  "TP": 838,
  "TN": 186829,
  "FP": 3263,
  "FN": 4909,
  "Accuracy": 0.9582718457508463,
  "Precision": 0.2043404047793221,
  "Recall": 0.14581520793457456,
  "Specificity": 0.9828346274435537,
  "FPR": 0.017165372556446352,
  "FNR": 0.8541847920654254,
  "F1": 0.17018683996750608,
  "IoU": 0.093007769145394,
  "Dice": 0.17018683996750608,
  "MCC": 0.15163964961681586
}