{
  "sample_id": "1094551_DF_251_251BDF0052_03777",
  "TP": 1066,
  "TN": 187430,
  "FP": 5121,
  "FN": 2222,
  "Accuracy": 0.962504914751403,
  "Precision": 0.17229675125262647,
  "Recall": 0.3242092457420925,
  "Specificity": 0.9734044486915155,
  "FPR": 0.026595551308484504,
  "FNR": 0.6757907542579076,
  "F1": 0.2250131926121372,
  "IoU": 0.12676893804257344,
  "Dice": 0.2250131926121372,
  "MCC": 0.2186114642668241
}