{
  "sample_id": "1093014_DF_251_251BDF0052_00970",
  "TP": 380,
  "TN": 190273,
  "FP": 2491,
  "FN": 2695,
  "Accuracy": 0.9735190641292082,
  "Precision": 0.13235806339254616,
  "Recall": 0.12357723577235773,
  "Specificity": 0.9870774625967504,
  "FPR": 0.012922537403249569,
  "FNR": 0.8764227642276423,
  "F1": 0.12781701984527413,
  "IoU": 0.06827164929931728,
  "Dice": 0.12781701984527413,
  "MCC": 0.11445799645958117
}