{
  "sample_id": "1092888_DF_251_251BDF0052_00746",
  "TP": 110,
  "TN": 192382,
  "FP": 1603,
  "FN": 1744,
  "Accuracy": 0.9829094307058349,
  "Precision": 0.0642148277875073,
  "Recall": 0.0593311758360302,
  "Specificity": 0.9917364744696755,
  "FPR": 0.008263525530324509,
  "FNR": 0.9406688241639698,
  "F1": 0.06167647883375386,
  "IoU": 0.031819496673416256,
  "Dice": 0.06167647883375386,
  "MCC": 0.05310853002242457
}