{
  "sample_id": "1093021_DF_251_251BDF0052_00982",
  "TP": 944,
  "TN": 184602,
  "FP": 5350,
  "FN": 4943,
  "Accuracy": 0.9474415208410991,
  "Precision": 0.149984111852558,
  "Recall": 0.16035332087650755,
  "Specificity": 0.9718349898921833,
  "FPR": 0.02816501010781671,
  "FNR": 0.8396466791234924,
  "F1": 0.15499548477136524,
  "IoU": 0.08400818723858682,
  "Dice": 0.15499548477136524,
  "MCC": 0.1279801074193542
}