{
  "sample_id": "1096018_DF_070_070BDF0010_01954",
  "TP": 582,
  "TN": 189264,
  "FP": 3298,
  "FN": 2695,
  "Accuracy": 0.9693983323035759,
  "Precision": 0.15,
  "Recall": 0.1776014647543485,
  "Specificity": 0.982873048680425,
  "FPR": 0.017126951319574993,
  "FNR": 0.8223985352456515,
  "F1": 0.16263797680592426,
  "IoU": 0.0885171102661597,
  "Dice": 0.16263797680592426,
  "MCC": 0.14770985779495677
}