{
  "sample_id": "1092954_DF_251_251BDF0052_00863",
  "TP": 27,
  "TN": 194982,
  "FP": 423,
  "FN": 407,
  "Accuracy": 0.9957618247642196,
  "Precision": 0.06,
  "Recall": 0.06221198156682028,
  "Specificity": 0.9978352652183926,
  "FPR": 0.002164734781607431,
  "FNR": 0.9377880184331797,
  "F1": 0.06108597285067873,
  "IoU": 0.03150525087514586,
  "Dice": 0.06108597285067873,
  "MCC": 0.05897249311037132
}