{
  "sample_id": "1092994_DF_251_251BDF0052_00934",
  "TP": 704,
  "TN": 187189,
  "FP": 4539,
  "FN": 3407,
  "Accuracy": 0.9594258549114324,
  "Precision": 0.1342742704558459,
  "Recall": 0.17124787156409632,
  "Specificity": 0.9763258366018526,
  "FPR": 0.023674163398147374,
  "FNR": 0.8287521284359036,
  "F1": 0.15052384006841993,
  "IoU": 0.08138728323699422,
  "Dice": 0.15052384006841993,
  "MCC": 0.13106256998642973
}