{
  "sample_id": "1093005_DF_251_251BDF0052_00953",
  "TP": 489,
  "TN": 189712,
  "FP": 4236,
  "FN": 1402,
  "Accuracy": 0.9712110458080362,
  "Precision": 0.1034920634920635,
  "Recall": 0.25859333685880487,
  "Specificity": 0.9781590941901953,
  "FPR": 0.02184090580980469,
  "FNR": 0.7414066631411952,
  "F1": 0.14782345828295043,
  "IoU": 0.07981067406561122,
  "Dice": 0.14782345828295043,
  "MCC": 0.1508814005570915
}