{
  "sample_id": "1093016_DF_251_251BDF0052_00973",
  "TP": 496,
  "TN": 188850,
  "FP": 3708,
  "FN": 2785,
  "Accuracy": 0.96684521469166,
  "Precision": 0.11798287345385347,
  "Recall": 0.15117342273697043,
  "Specificity": 0.9807434643068582,
  "FPR": 0.019256535693141806,
  "FNR": 0.8488265772630296,
  "F1": 0.13253173012692052,
  "IoU": 0.07096866504507082,
  "Dice": 0.13253173012692052,
  "MCC": 0.1168195485523275
}