{
  "sample_id": "1093098_DF_251_251BDF0052_01116",
  "TP": 8073,
  "TN": 152502,
  "FP": 30709,
  "FN": 4555,
  "Accuracy": 0.8199337210667946,
  "Precision": 0.2081635810427518,
  "Recall": 0.6392936331960722,
  "Specificity": 0.8323845183968211,
  "FPR": 0.16761548160317885,
  "FNR": 0.36070636680392776,
  "F1": 0.31406341178758995,
  "IoU": 0.1862842374875972,
  "Dice": 0.31406341178758995,
  "MCC": 0.2907000251436411
}