{
  "sample_id": "1097168_DF_070_070BDF0010_04017",
  "TP": 26,
  "TN": 193355,
  "FP": 1338,
  "FN": 1120,
  "Accuracy": 0.9874488738198214,
  "Precision": 0.01906158357771261,
  "Recall": 0.02268760907504363,
  "Specificity": 0.9931276419799376,
  "FPR": 0.006872358020062355,
  "FNR": 0.9773123909249564,
  "F1": 0.020717131474103586,
  "IoU": 0.010466988727858293,
  "Dice": 0.020717131474103586,
  "MCC": 0.01450455778445903
}