{
  "sample_id": "1097236_DF_070_070BDF0010_04137",
  "TP": 108,
  "TN": 194278,
  "FP": 647,
  "FN": 806,
  "Accuracy": 0.9925806402197723,
  "Precision": 0.14304635761589404,
  "Recall": 0.11816192560175055,
  "Specificity": 0.9966807746569193,
  "FPR": 0.0033192253430806722,
  "FNR": 0.8818380743982495,
  "F1": 0.12941881366087477,
  "IoU": 0.06918641896220372,
  "Dice": 0.12941881366087477,
  "MCC": 0.12630657623640312
}