{
  "sample_id": "1094173_DF_251_251BDF0052_03073",
  "TP": 223,
  "TN": 191276,
  "FP": 2504,
  "FN": 1836,
  "Accuracy": 0.9778389391285699,
  "Precision": 0.08177484415108177,
  "Recall": 0.10830500242836329,
  "Specificity": 0.9870781298379606,
  "FPR": 0.012921870162039426,
  "FNR": 0.8916949975716367,
  "F1": 0.0931884663602173,
  "IoU": 0.04887135656366426,
  "Dice": 0.0931884663602173,
  "MCC": 0.0830246453816664
}