{
  "sample_id": "1092995_DF_251_251BDF0052_00936",
  "TP": 1685,
  "TN": 178580,
  "FP": 13348,
  "FN": 2226,
  "Accuracy": 0.9204754926240433,
  "Precision": 0.1120867424998337,
  "Recall": 0.4308361032983892,
  "Specificity": 0.930453086574132,
  "FPR": 0.06954691342586804,
  "FNR": 0.5691638967016108,
  "F1": 0.17789273648648649,
  "IoU": 0.09763022191320471,
  "Dice": 0.17789273648648649,
  "MCC": 0.1898623256006147
}