{
  "sample_id": "1092886_DF_251_251BDF0052_00743",
  "TP": 380,
  "TN": 190216,
  "FP": 3923,
  "FN": 1320,
  "Accuracy": 0.9732280087214498,
  "Precision": 0.08831048105972578,
  "Recall": 0.2235294117647059,
  "Specificity": 0.9797928288494326,
  "FPR": 0.020207171150567377,
  "FNR": 0.7764705882352941,
  "F1": 0.12660336498417457,
  "IoU": 0.06757958385203627,
  "Dice": 0.12660336498417457,
  "MCC": 0.12866335211197596
}