{
  "sample_id": "1093003_DF_251_251BDF0052_00950",
  "TP": 293,
  "TN": 189388,
  "FP": 5185,
  "FN": 973,
  "Accuracy": 0.9685558034916436,
  "Precision": 0.053486673968601676,
  "Recall": 0.23143759873617695,
  "Specificity": 0.9733519039126703,
  "FPR": 0.02664809608732969,
  "FNR": 0.768562401263823,
  "F1": 0.0868920521945433,
  "IoU": 0.04541931483490932,
  "Dice": 0.0868920521945433,
  "MCC": 0.0995327100103692
}