{
  "sample_id": "1092849_DF_251_251BDF0052_00678",
  "TP": 346,
  "TN": 189906,
  "FP": 2720,
  "FN": 2867,
  "Accuracy": 0.9714714638044516,
  "Precision": 0.11285061969993476,
  "Recall": 0.10768751945222534,
  "Specificity": 0.9858793724626997,
  "FPR": 0.01412062753730026,
  "FNR": 0.8923124805477747,
  "F1": 0.11020863194776238,
  "IoU": 0.05831788302713636,
  "Dice": 0.11020863194776238,
  "MCC": 0.09574714678121739
}