{
  "sample_id": "1093018_DF_251_251BDF0052_00976",
  "TP": 1072,
  "TN": 185859,
  "FP": 4823,
  "FN": 4085,
  "Accuracy": 0.9545136566261061,
  "Precision": 0.1818490245971162,
  "Recall": 0.2078727942602288,
  "Specificity": 0.9747065795408062,
  "FPR": 0.02529342045919384,
  "FNR": 0.7921272057397711,
  "F1": 0.1939920376402461,
  "IoU": 0.10741482965931863,
  "Dice": 0.1939920376402461,
  "MCC": 0.17110016710330997
}