{
  "sample_id": "1094247_DF_251_251BDF0052_03214",
  "TP": 546,
  "TN": 189253,
  "FP": 3769,
  "FN": 2271,
  "Accuracy": 0.9691583392480558,
  "Precision": 0.1265353418308227,
  "Recall": 0.19382321618743345,
  "Specificity": 0.980473728383293,
  "FPR": 0.019526271616706906,
  "FNR": 0.8061767838125665,
  "F1": 0.1531127313516545,
  "IoU": 0.08290312784694807,
  "Dice": 0.1531127313516545,
  "MCC": 0.1413789009935975
}