{
  "sample_id": "1097168_DF_070_070BDF0010_04017",
  "TP": 49,
  "TN": 191890,
  "FP": 2803,
  "FN": 1097,
  "Accuracy": 0.9800856826270559,
  "Precision": 0.017180925666199158,
  "Recall": 0.04275741710296684,
  "Specificity": 0.9856029749400338,
  "FPR": 0.014397025059966203,
  "FNR": 0.9572425828970331,
  "F1": 0.02451225612806403,
  "IoU": 0.012408204608761712,
  "Dice": 0.02451225612806403,
  "MCC": 0.01805680547183822
}