{
  "sample_id": "1092965_DF_251_251BDF0052_00883",
  "TP": 659,
  "TN": 189699,
  "FP": 3780,
  "FN": 1701,
  "Accuracy": 0.9720127247381778,
  "Precision": 0.148456859653075,
  "Recall": 0.27923728813559323,
  "Specificity": 0.9804629959840603,
  "FPR": 0.019537004015939715,
  "FNR": 0.7207627118644068,
  "F1": 0.19385203706427415,
  "IoU": 0.10732899022801302,
  "Dice": 0.19385203706427415,
  "MCC": 0.19038459481636766
}