{
  "sample_id": "1093597_DF_251_251BDF0052_02037",
  "TP": 1,
  "TN": 195495,
  "FP": 141,
  "FN": 202,
  "Accuracy": 0.9982485613182257,
  "Precision": 0.007042253521126761,
  "Recall": 0.0049261083743842365,
  "Specificity": 0.999279273753297,
  "FPR": 0.0007207262467030607,
  "FNR": 0.9950738916256158,
  "F1": 0.005797101449275362,
  "IoU": 0.0029069767441860465,
  "Dice": 0.005797101449275362,
  "MCC": 0.0050273788611943995
}