{
  "sample_id": "1097210_DF_070_070BDF0010_04093",
  "TP": 95,
  "TN": 194883,
  "FP": 340,
  "FN": 521,
  "Accuracy": 0.9956035314722808,
  "Precision": 0.21839080459770116,
  "Recall": 0.15422077922077923,
  "Specificity": 0.9982584019301004,
  "FPR": 0.0017415980698995508,
  "FNR": 0.8457792207792207,
  "F1": 0.1807802093244529,
  "IoU": 0.09937238493723849,
  "Dice": 0.1807802093244529,
  "MCC": 0.18136565345058164
}