{
  "sample_id": "1093024_DF_251_251BDF0052_00987",
  "TP": 6589,
  "TN": 156370,
  "FP": 27154,
  "FN": 5726,
  "Accuracy": 0.8321069858404098,
  "Precision": 0.195270130101058,
  "Recall": 0.5350385708485587,
  "Specificity": 0.8520411499313442,
  "FPR": 0.14795885006865586,
  "FNR": 0.46496142915144134,
  "F1": 0.28611750401667463,
  "IoU": 0.16694114368238364,
  "Dice": 0.28611750401667463,
  "MCC": 0.24882044667554531
}