{
  "sample_id": "1092961_DF_251_251BDF0052_00876",
  "TP": 215,
  "TN": 191788,
  "FP": 2032,
  "FN": 1804,
  "Accuracy": 0.9804124816813812,
  "Precision": 0.09568313306631064,
  "Recall": 0.10648836057454185,
  "Specificity": 0.9895160458157053,
  "FPR": 0.010483954184294706,
  "FNR": 0.8935116394254582,
  "F1": 0.10079699953117674,
  "IoU": 0.05307331523080721,
  "Dice": 0.10079699953117674,
  "MCC": 0.09105700911839111
}