{
  "sample_id": "1096058_DF_070_070BDF0010_02025",
  "TP": 436,
  "TN": 191557,
  "FP": 1947,
  "FN": 1899,
  "Accuracy": 0.9803614193291428,
  "Precision": 0.1829626521191775,
  "Recall": 0.1867237687366167,
  "Specificity": 0.9899381924921449,
  "FPR": 0.010061807507855135,
  "FNR": 0.8132762312633833,
  "F1": 0.18482407799915218,
  "IoU": 0.10182157870154133,
  "Dice": 0.18482407799915218,
  "MCC": 0.17489538117519615
}