{
  "sample_id": "1094241_DF_251_251BDF0052_03202",
  "TP": 19,
  "TN": 195015,
  "FP": 459,
  "FN": 346,
  "Accuracy": 0.9958894806448154,
  "Precision": 0.0397489539748954,
  "Recall": 0.052054794520547946,
  "Specificity": 0.9976518616286565,
  "FPR": 0.0023481383713435033,
  "FNR": 0.947945205479452,
  "F1": 0.045077105575326216,
  "IoU": 0.023058252427184466,
  "Dice": 0.045077105575326216,
  "MCC": 0.04344828089510582
}