{
  "sample_id": "1092980_DF_251_251BDF0052_00909",
  "TP": 443,
  "TN": 190085,
  "FP": 2775,
  "FN": 2536,
  "Accuracy": 0.9728807847262292,
  "Precision": 0.13766314481044126,
  "Recall": 0.14870762000671367,
  "Specificity": 0.9856113242766774,
  "FPR": 0.014388675723322617,
  "FNR": 0.8512923799932863,
  "F1": 0.14297240600290465,
  "IoU": 0.07698992005561349,
  "Dice": 0.14297240600290465,
  "MCC": 0.12931495887437547
}