{
  "sample_id": "1096058_DF_070_070BDF0010_02025",
  "TP": 514,
  "TN": 191195,
  "FP": 2309,
  "FN": 1821,
  "Accuracy": 0.9789112485255745,
  "Precision": 0.18207580588026923,
  "Recall": 0.22012847965738758,
  "Specificity": 0.9880674301306432,
  "FPR": 0.011932569869356705,
  "FNR": 0.7798715203426124,
  "F1": 0.19930205506010082,
  "IoU": 0.11068044788975022,
  "Dice": 0.19930205506010082,
  "MCC": 0.18958698251751638
}