{
  "sample_id": "1093927_DF_251_251BDF0052_02620",
  "TP": 204,
  "TN": 192314,
  "FP": 2451,
  "FN": 870,
  "Accuracy": 0.9830421928216545,
  "Precision": 0.0768361581920904,
  "Recall": 0.18994413407821228,
  "Specificity": 0.9874156034195055,
  "FPR": 0.012584396580494442,
  "FNR": 0.8100558659217877,
  "F1": 0.10941271118262269,
  "IoU": 0.05787234042553192,
  "Dice": 0.10941271118262269,
  "MCC": 0.11326475653977379
}