{
  "sample_id": "1092979_DF_251_251BDF0052_00907",
  "TP": 856,
  "TN": 186095,
  "FP": 7105,
  "FN": 1783,
  "Accuracy": 0.9546157813305828,
  "Precision": 0.10752418037934933,
  "Recall": 0.32436528988253127,
  "Specificity": 0.9632246376811594,
  "FPR": 0.03677536231884058,
  "FNR": 0.6756347101174688,
  "F1": 0.16150943396226414,
  "IoU": 0.08784893267651889,
  "Dice": 0.16150943396226414,
  "MCC": 0.16790945477606894
}