{
  "sample_id": "1093020_DF_251_251BDF0052_00980",
  "TP": 2381,
  "TN": 177692,
  "FP": 12400,
  "FN": 3366,
  "Accuracy": 0.9194950954610676,
  "Precision": 0.16108517691631147,
  "Recall": 0.4143031146685227,
  "Specificity": 0.9347684279191129,
  "FPR": 0.06523157208088715,
  "FNR": 0.5856968853314773,
  "F1": 0.2319758378799688,
  "IoU": 0.13120625998787677,
  "Dice": 0.2319758378799688,
  "MCC": 0.22302635976866586
}