{
  "sample_id": "1092846_DF_251_251BDF0052_00673",
  "TP": 182,
  "TN": 191316,
  "FP": 2262,
  "FN": 2079,
  "Accuracy": 0.977833832893346,
  "Precision": 0.07446808510638298,
  "Recall": 0.0804953560371517,
  "Specificity": 0.9883147878374609,
  "FPR": 0.011685212162539132,
  "FNR": 0.9195046439628483,
  "F1": 0.07736450584484592,
  "IoU": 0.04023877957108114,
  "Dice": 0.07736450584484592,
  "MCC": 0.06621517401118182
}