{
  "sample_id": "1092955_DF_251_251BDF0052_00865",
  "TP": 258,
  "TN": 192183,
  "FP": 2234,
  "FN": 1164,
  "Accuracy": 0.9826490127094195,
  "Precision": 0.10353130016051364,
  "Recall": 0.18143459915611815,
  "Specificity": 0.9885092353034971,
  "FPR": 0.011490764696502878,
  "FNR": 0.8185654008438819,
  "F1": 0.1318344404701073,
  "IoU": 0.07056892778993436,
  "Dice": 0.1318344404701073,
  "MCC": 0.12872994745916744
}