{
  "sample_id": "1092944_DF_251_251BDF0052_00844",
  "TP": 2,
  "TN": 195410,
  "FP": 127,
  "FN": 300,
  "Accuracy": 0.9978196375594238,
  "Precision": 0.015503875968992248,
  "Recall": 0.006622516556291391,
  "Specificity": 0.9993505065537469,
  "FPR": 0.0006494934462531388,
  "FNR": 0.9933774834437086,
  "F1": 0.009280742459396751,
  "IoU": 0.004662004662004662,
  "Dice": 0.009280742459396751,
  "MCC": 0.009135046803840195
}