{
  "sample_id": "1092999_DF_251_251BDF0052_00943",
  "TP": 348,
  "TN": 190343,
  "FP": 3024,
  "FN": 2124,
  "Accuracy": 0.9737131010677138,
  "Precision": 0.10320284697508897,
  "Recall": 0.1407766990291262,
  "Specificity": 0.9843613439728599,
  "FPR": 0.0156386560271401,
  "FNR": 0.8592233009708737,
  "F1": 0.11909650924024641,
  "IoU": 0.06331877729257641,
  "Dice": 0.11909650924024641,
  "MCC": 0.10739470028693532
}