{
  "sample_id": "1092899_DF_251_251BDF0052_00766",
  "TP": 372,
  "TN": 194388,
  "FP": 437,
  "FN": 642,
  "Accuracy": 0.9944903721934855,
  "Precision": 0.45982694684796044,
  "Recall": 0.3668639053254438,
  "Specificity": 0.9977569613755934,
  "FPR": 0.002243038624406519,
  "FNR": 0.6331360946745562,
  "F1": 0.408118486012068,
  "IoU": 0.2563749138525155,
  "Dice": 0.408118486012068,
  "MCC": 0.4079978436992972
}