{
  "sample_id": "1093258_DF_251_251BDF0052_01429",
  "TP": 134,
  "TN": 193362,
  "FP": 1135,
  "FN": 1208,
  "Accuracy": 0.988036090870562,
  "Precision": 0.10559495665878645,
  "Recall": 0.09985096870342772,
  "Specificity": 0.9941644344128702,
  "FPR": 0.005835565587129879,
  "FNR": 0.9001490312965723,
  "F1": 0.10264266564534662,
  "IoU": 0.05409769882922891,
  "Dice": 0.10264266564534662,
  "MCC": 0.09666360180456526
}