{
  "sample_id": "1092903_DF_251_251BDF0052_00773",
  "TP": 810,
  "TN": 183502,
  "FP": 8794,
  "FN": 2733,
  "Accuracy": 0.9411404265748906,
  "Precision": 0.08433985839233653,
  "Recall": 0.2286198137171888,
  "Specificity": 0.9542684195199068,
  "FPR": 0.04573158048009319,
  "FNR": 0.7713801862828111,
  "F1": 0.12322202783905073,
  "IoU": 0.06565615627786334,
  "Dice": 0.12322202783905073,
  "MCC": 0.11287551337556143
}