{
  "sample_id": "1094002_DF_251_251BDF0052_02756",
  "TP": 844,
  "TN": 185224,
  "FP": 8610,
  "FN": 1161,
  "Accuracy": 0.9501069756279393,
  "Precision": 0.08927438121430083,
  "Recall": 0.42094763092269327,
  "Specificity": 0.9555805483042191,
  "FPR": 0.044419451695780925,
  "FNR": 0.5790523690773067,
  "F1": 0.14730779300113447,
  "IoU": 0.07951012717852096,
  "Dice": 0.14730779300113447,
  "MCC": 0.17683017376523805
}