{
  "sample_id": "1093532_DF_251_251BDF0052_01928",
  "TP": 2,
  "TN": 195627,
  "FP": 80,
  "FN": 130,
  "Accuracy": 0.9989276906029954,
  "Precision": 0.024390243902439025,
  "Recall": 0.015151515151515152,
  "Specificity": 0.9995912256587653,
  "FPR": 0.00040877434123460073,
  "FNR": 0.9848484848484849,
  "F1": 0.018691588785046728,
  "IoU": 0.009433962264150943,
  "Dice": 0.018691588785046728,
  "MCC": 0.0187026350403123
}