{
  "sample_id": "1093878_DF_251_251BDF0052_02531",
  "TP": 827,
  "TN": 188904,
  "FP": 4209,
  "FN": 1899,
  "Accuracy": 0.9688111152528353,
  "Precision": 0.1642176330420969,
  "Recall": 0.3033749082905356,
  "Specificity": 0.9782044709574187,
  "FPR": 0.021795529042581287,
  "FNR": 0.6966250917094644,
  "F1": 0.21308940994589023,
  "IoU": 0.11925018024513338,
  "Dice": 0.21308940994589023,
  "MCC": 0.2084174452660589
}