{
  "sample_id": "1093023_DF_251_251BDF0052_00986",
  "TP": 3116,
  "TN": 174105,
  "FP": 9179,
  "FN": 9439,
  "Accuracy": 0.9049321126026991,
  "Precision": 0.2534363562423749,
  "Recall": 0.2481879729191557,
  "Specificity": 0.9499192509984505,
  "FPR": 0.05008074900154951,
  "FNR": 0.7518120270808443,
  "F1": 0.250784708249497,
  "IoU": 0.14336983528112635,
  "Dice": 0.250784708249497,
  "MCC": 0.20004909238666455
}