{
  "sample_id": "1093082_DF_251_251BDF0052_01089",
  "TP": 250,
  "TN": 191968,
  "FP": 1445,
  "FN": 2176,
  "Accuracy": 0.981510322254505,
  "Precision": 0.14749262536873156,
  "Recall": 0.10305028854080792,
  "Specificity": 0.9925289406606588,
  "FPR": 0.007471059339341202,
  "FNR": 0.8969497114591921,
  "F1": 0.12132977432661975,
  "IoU": 0.06458279514337381,
  "Dice": 0.12132977432661975,
  "MCC": 0.11413133961602599
}