{
  "sample_id": "1093728_DF_251_251BDF0052_02259",
  "TP": 10,
  "TN": 194273,
  "FP": 740,
  "FN": 816,
  "Accuracy": 0.9920546979917176,
  "Precision": 0.013333333333333334,
  "Recall": 0.012106537530266344,
  "Specificity": 0.9962053811797162,
  "FPR": 0.003794618820283776,
  "FNR": 0.9878934624697336,
  "F1": 0.012690355329949238,
  "IoU": 0.006385696040868455,
  "Dice": 0.012690355329949238,
  "MCC": 0.00872119645422232
}