{
  "sample_id": "1093022_DF_251_251BDF0052_00984",
  "TP": 5341,
  "TN": 167356,
  "FP": 11613,
  "FN": 11529,
  "Accuracy": 0.881831504450084,
  "Precision": 0.315028901734104,
  "Recall": 0.31659751037344397,
  "Specificity": 0.9351116673837369,
  "FPR": 0.06488833261626316,
  "FNR": 0.683402489626556,
  "F1": 0.3158112582781457,
  "IoU": 0.1875153600393217,
  "Dice": 0.3158112582781457,
  "MCC": 0.2511437911843265
}