{
  "sample_id": "1092991_DF_251_251BDF0052_00928",
  "TP": 1359,
  "TN": 179600,
  "FP": 12788,
  "FN": 2092,
  "Accuracy": 0.9240192198693825,
  "Precision": 0.09606276949176504,
  "Recall": 0.3937988988698928,
  "Specificity": 0.9335301578061002,
  "FPR": 0.06646984219389983,
  "FNR": 0.6062011011301072,
  "F1": 0.1544493692465053,
  "IoU": 0.08368741917605764,
  "Dice": 0.1544493692465053,
  "MCC": 0.16635886511361173
}