{
  "sample_id": "1092998_DF_251_251BDF0052_00941",
  "TP": 122,
  "TN": 192938,
  "FP": 1559,
  "FN": 1220,
  "Accuracy": 0.9858097723129714,
  "Precision": 0.0725758477096966,
  "Recall": 0.09090909090909091,
  "Specificity": 0.9919844522023475,
  "FPR": 0.008015547797652406,
  "FNR": 0.9090909090909091,
  "F1": 0.08071452199801522,
  "IoU": 0.04205446397793864,
  "Dice": 0.08071452199801522,
  "MCC": 0.07412964372602357
}