{
  "sample_id": "1094276_DF_251_251BDF0052_03269",
  "TP": 92,
  "TN": 193990,
  "FP": 1033,
  "FN": 724,
  "Accuracy": 0.9910283447117275,
  "Precision": 0.08177777777777778,
  "Recall": 0.11274509803921569,
  "Specificity": 0.9947031888546479,
  "FPR": 0.0052968111453520865,
  "FNR": 0.8872549019607843,
  "F1": 0.09479649665121072,
  "IoU": 0.04975662520281233,
  "Dice": 0.09479649665121072,
  "MCC": 0.09158253085995023
}