{
  "sample_id": "1093084_DF_251_251BDF0052_01092",
  "TP": 2682,
  "TN": 170215,
  "FP": 19074,
  "FN": 3868,
  "Accuracy": 0.8828527514948503,
  "Precision": 0.12327633756205185,
  "Recall": 0.40946564885496184,
  "Specificity": 0.8992334472684625,
  "FPR": 0.10076655273153749,
  "FNR": 0.5905343511450382,
  "F1": 0.1895004592665866,
  "IoU": 0.10466749921948174,
  "Dice": 0.1895004592665866,
  "MCC": 0.17662451814958777
}