{
  "sample_id": "1097247_DF_070_070BDF0010_04156",
  "TP": 122,
  "TN": 193792,
  "FP": 948,
  "FN": 977,
  "Accuracy": 0.9901704971941238,
  "Precision": 0.11401869158878504,
  "Recall": 0.11101000909918107,
  "Specificity": 0.9951319708329054,
  "FPR": 0.004868029167094588,
  "FNR": 0.8889899909008189,
  "F1": 0.11249423697556478,
  "IoU": 0.05959941377625794,
  "Dice": 0.11249423697556478,
  "MCC": 0.10756272781617161
}