{
  "sample_id": "1092890_DF_251_251BDF0052_00750",
  "TP": 224,
  "TN": 191828,
  "FP": 2593,
  "FN": 1194,
  "Accuracy": 0.980662687207349,
  "Precision": 0.0795172168974086,
  "Recall": 0.15796897038081806,
  "Specificity": 0.9866629633630112,
  "FPR": 0.013337036636988802,
  "FNR": 0.842031029619182,
  "F1": 0.10578512396694215,
  "IoU": 0.055846422338568937,
  "Dice": 0.10578512396694215,
  "MCC": 0.1029857332298652
}