{
  "sample_id": "1093003_DF_251_251BDF0052_00950",
  "TP": 125,
  "TN": 191983,
  "FP": 2590,
  "FN": 1141,
  "Accuracy": 0.9809486363798835,
  "Precision": 0.04604051565377532,
  "Recall": 0.09873617693522907,
  "Specificity": 0.9866888006044005,
  "FPR": 0.013311199395599596,
  "FNR": 0.9012638230647709,
  "F1": 0.06279829188646069,
  "IoU": 0.03241701244813278,
  "Dice": 0.06279829188646069,
  "MCC": 0.058551762520173384
}