{
  "sample_id": "1092848_DF_251_251BDF0052_00676",
  "TP": 369,
  "TN": 189778,
  "FP": 2709,
  "FN": 2983,
  "Accuracy": 0.9709353091059493,
  "Precision": 0.11988304093567251,
  "Recall": 0.1100835322195704,
  "Specificity": 0.9859263222970902,
  "FPR": 0.014073677702909806,
  "FNR": 0.8899164677804295,
  "F1": 0.11477449455676517,
  "IoU": 0.060881042732222404,
  "Dice": 0.11477449455676517,
  "MCC": 0.10012087246592438
}