{
  "sample_id": "1092873_DF_251_251BDF0052_00720",
  "TP": 947,
  "TN": 184762,
  "FP": 4811,
  "FN": 5319,
  "Accuracy": 0.9482738371825836,
  "Precision": 0.1644668287599861,
  "Recall": 0.15113309926587934,
  "Specificity": 0.9746219134581401,
  "FPR": 0.025378086541859864,
  "FNR": 0.8488669007341206,
  "F1": 0.15751829673985362,
  "IoU": 0.08549246185790377,
  "Dice": 0.15751829673985362,
  "MCC": 0.1310097318965857
}