{
  "sample_id": "1092845_DF_251_251BDF0052_00671",
  "TP": 1201,
  "TN": 184118,
  "FP": 8257,
  "FN": 2263,
  "Accuracy": 0.9462824054452892,
  "Precision": 0.12698244872065975,
  "Recall": 0.34670900692840645,
  "Specificity": 0.9570786224821313,
  "FPR": 0.042921377517868745,
  "FNR": 0.6532909930715936,
  "F1": 0.18588453799721405,
  "IoU": 0.10246565992662741,
  "Dice": 0.18588453799721405,
  "MCC": 0.1867810744717252
}