{
  "sample_id": "1092851_DF_251_251BDF0052_00681",
  "TP": 3140,
  "TN": 172505,
  "FP": 16061,
  "FN": 4133,
  "Accuracy": 0.8968846858899402,
  "Precision": 0.16353314931513985,
  "Recall": 0.4317338099821257,
  "Specificity": 0.9148255783121029,
  "FPR": 0.08517442168789707,
  "FNR": 0.5682661900178744,
  "F1": 0.23721387021228374,
  "IoU": 0.13456758378332048,
  "Dice": 0.23721387021228374,
  "MCC": 0.22037491778480273
}