{
  "sample_id": "1092845_DF_251_251BDF0052_00671",
  "TP": 562,
  "TN": 188634,
  "FP": 3741,
  "FN": 2902,
  "Accuracy": 0.9660792794080852,
  "Precision": 0.13060655356727865,
  "Recall": 0.16224018475750576,
  "Specificity": 0.9805536062378167,
  "FPR": 0.019446393762183236,
  "FNR": 0.8377598152424942,
  "F1": 0.14471481910647613,
  "IoU": 0.07800138792505204,
  "Dice": 0.14471481910647613,
  "MCC": 0.12839901793973096
}