{
  "sample_id": "1093928_DF_251_251BDF0052_02622",
  "TP": 183,
  "TN": 193908,
  "FP": 1026,
  "FN": 722,
  "Accuracy": 0.9910743008287419,
  "Precision": 0.1513647642679901,
  "Recall": 0.2022099447513812,
  "Specificity": 0.9947366801071131,
  "FPR": 0.005263319892886823,
  "FNR": 0.7977900552486188,
  "F1": 0.17313150425733206,
  "IoU": 0.09476954945624029,
  "Dice": 0.17313150425733206,
  "MCC": 0.17052913442264614
}