{
  "sample_id": "1092860_DF_251_251BDF0052_00697",
  "TP": 456,
  "TN": 188813,
  "FP": 4933,
  "FN": 1637,
  "Accuracy": 0.966452034579425,
  "Precision": 0.08461681202449434,
  "Recall": 0.21786908743430483,
  "Specificity": 0.9745388291887317,
  "FPR": 0.025461170811268363,
  "FNR": 0.7821309125656952,
  "F1": 0.1218925421010425,
  "IoU": 0.06490179333902647,
  "Dice": 0.1218925421010425,
  "MCC": 0.12094261190321598
}