{
  "sample_id": "1092941_DF_251_251BDF0052_00839",
  "TP": 235,
  "TN": 191070,
  "FP": 3079,
  "FN": 1455,
  "Accuracy": 0.9768483294951466,
  "Precision": 0.07091128545564272,
  "Recall": 0.1390532544378698,
  "Specificity": 0.984141046309793,
  "FPR": 0.015858953690207005,
  "FNR": 0.8609467455621301,
  "F1": 0.09392486011191047,
  "IoU": 0.04927657789893059,
  "Dice": 0.09392486011191047,
  "MCC": 0.08834495015595915
}