{
  "sample_id": "1092904_DF_251_251BDF0052_00775",
  "TP": 2839,
  "TN": 172427,
  "FP": 16481,
  "FN": 4092,
  "Accuracy": 0.8949494227401079,
  "Precision": 0.14694616977225672,
  "Recall": 0.4096090030298658,
  "Specificity": 0.9127564740508607,
  "FPR": 0.08724352594913927,
  "FNR": 0.5903909969701342,
  "F1": 0.21629652203725572,
  "IoU": 0.12126260037587562,
  "Dice": 0.21629652203725572,
  "MCC": 0.1997433641537622
}