{
  "sample_id": "1094535_DF_251_251BDF0052_03747",
  "TP": 26,
  "TN": 194624,
  "FP": 446,
  "FN": 743,
  "Accuracy": 0.993928686318864,
  "Precision": 0.05508474576271186,
  "Recall": 0.033810143042912875,
  "Specificity": 0.9977136412569847,
  "FPR": 0.0022863587430153277,
  "FNR": 0.9661898569570871,
  "F1": 0.041901692183722805,
  "IoU": 0.02139917695473251,
  "Dice": 0.041901692183722805,
  "MCC": 0.04020685983662469
}