{
  "sample_id": "1095862_DF_070_070BDF0010_01664",
  "TP": 679,
  "TN": 188355,
  "FP": 4901,
  "FN": 1904,
  "Accuracy": 0.9652520693018245,
  "Precision": 0.12168458781362007,
  "Recall": 0.26287262872628725,
  "Specificity": 0.9746398559423769,
  "FPR": 0.02536014405762305,
  "FNR": 0.7371273712737128,
  "F1": 0.16636040671321817,
  "IoU": 0.09072688401924105,
  "Dice": 0.16636040671321817,
  "MCC": 0.16286412667490785
}