{
  "sample_id": "1093728_DF_251_251BDF0052_02259",
  "TP": 0,
  "TN": 194315,
  "FP": 698,
  "FN": 826,
  "Accuracy": 0.9922180975188803,
  "Precision": 0.0,
  "Recall": 0.0,
  "Specificity": 0.9964207514370836,
  "FPR": 0.0035792485629163183,
  "FNR": 1.0,
  "F1": 0.0,
  "IoU": 0.0,
  "Dice": 0.0,
  "MCC": -0.003892348253126072
}