{
  "sample_id": "1094910_DF_251_251BDF0052_04492",
  "TP": 235,
  "TN": 191414,
  "FP": 1522,
  "FN": 2668,
  "Accuracy": 0.9786048744121447,
  "Precision": 0.13375071143995446,
  "Recall": 0.0809507406131588,
  "Specificity": 0.9921113737197828,
  "FPR": 0.007888626280217274,
  "FNR": 0.9190492593868412,
  "F1": 0.10085836909871244,
  "IoU": 0.05310734463276836,
  "Dice": 0.10085836909871244,
  "MCC": 0.09363622120450425
}