{
  "sample_id": "1093084_DF_251_251BDF0052_01092",
  "TP": 1274,
  "TN": 180614,
  "FP": 8675,
  "FN": 5276,
  "Accuracy": 0.9287629123923222,
  "Precision": 0.12805307066036786,
  "Recall": 0.19450381679389314,
  "Specificity": 0.9541706068498433,
  "FPR": 0.04582939315015664,
  "FNR": 0.8054961832061068,
  "F1": 0.15443360203648707,
  "IoU": 0.08367816091954022,
  "Dice": 0.15443360203648707,
  "MCC": 0.1217311914939568
}