{
  "sample_id": "1097246_DF_070_070BDF0010_04154",
  "TP": 0,
  "TN": 195100,
  "FP": 340,
  "FN": 399,
  "Accuracy": 0.9962264921695883,
  "Precision": 0.0,
  "Recall": 0.0,
  "Specificity": 0.9982603356528857,
  "FPR": 0.0017396643471142038,
  "FNR": 1.0,
  "F1": 0.0,
  "IoU": 0.0,
  "Dice": 0.0,
  "MCC": -0.001884286381209863
}