{
  "sample_id": "1092876_DF_251_251BDF0052_00725",
  "TP": 294,
  "TN": 191591,
  "FP": 1805,
  "FN": 2149,
  "Accuracy": 0.979809945924969,
  "Precision": 0.14006669842782277,
  "Recall": 0.12034383954154727,
  "Specificity": 0.9906668183416409,
  "FPR": 0.009333181658359014,
  "FNR": 0.8796561604584527,
  "F1": 0.12945838837516513,
  "IoU": 0.0692090395480226,
  "Dice": 0.12945838837516513,
  "MCC": 0.11965594653437144
}