{
  "sample_id": "1092907_DF_251_251BDF0052_00780",
  "TP": 673,
  "TN": 186003,
  "FP": 3850,
  "FN": 5313,
  "Accuracy": 0.9532115666440291,
  "Precision": 0.14879504753482203,
  "Recall": 0.1124290010023388,
  "Specificity": 0.979721152681285,
  "FPR": 0.020278847318715005,
  "FNR": 0.8875709989976612,
  "F1": 0.12808069273955658,
  "IoU": 0.0684221228141521,
  "Dice": 0.12808069273955658,
  "MCC": 0.10560493466696555
}