{
  "sample_id": "1092993_DF_251_251BDF0052_00932",
  "TP": 838,
  "TN": 186030,
  "FP": 5376,
  "FN": 3595,
  "Accuracy": 0.9541919638070048,
  "Precision": 0.13485677502413904,
  "Recall": 0.18903676968193098,
  "Specificity": 0.9719131061722203,
  "FPR": 0.028086893827779694,
  "FNR": 0.810963230318069,
  "F1": 0.15741523433831126,
  "IoU": 0.0854317463553879,
  "Dice": 0.15741523433831126,
  "MCC": 0.13657897970838442
}