{
  "sample_id": "1095940_DF_070_070BDF0010_01813",
  "TP": 244,
  "TN": 191930,
  "FP": 2332,
  "FN": 1333,
  "Accuracy": 0.9812856479046563,
  "Precision": 0.09472049689440994,
  "Recall": 0.15472415979708307,
  "Specificity": 0.9879955935798046,
  "FPR": 0.012004406420195407,
  "FNR": 0.8452758402029169,
  "F1": 0.11750541777028654,
  "IoU": 0.06242005628037861,
  "Dice": 0.11750541777028654,
  "MCC": 0.11195579373535836
}