{
  "sample_id": "1092847_DF_251_251BDF0052_00674",
  "TP": 403,
  "TN": 189123,
  "FP": 3528,
  "FN": 2785,
  "Accuracy": 0.9677643370319498,
  "Precision": 0.10251844314423811,
  "Recall": 0.12641154328732748,
  "Specificity": 0.9816870922029992,
  "FPR": 0.018312907797000795,
  "FNR": 0.8735884567126725,
  "F1": 0.1132181486163787,
  "IoU": 0.06000595592614651,
  "Dice": 0.1132181486163787,
  "MCC": 0.0975364490735388
}