{
  "sample_id": "1092849_DF_251_251BDF0052_00678",
  "TP": 996,
  "TN": 180834,
  "FP": 11792,
  "FN": 2217,
  "Accuracy": 0.92846675074934,
  "Precision": 0.07788551767281826,
  "Recall": 0.3099906629318394,
  "Specificity": 0.9387829265000571,
  "FPR": 0.061217073499942896,
  "FNR": 0.6900093370681606,
  "F1": 0.12449221923629773,
  "IoU": 0.066377874041986,
  "Dice": 0.12449221923629773,
  "MCC": 0.1279174289147492
}