{
  "sample_id": "1094552_DF_251_251BDF0052_03779",
  "TP": 303,
  "TN": 190422,
  "FP": 4459,
  "FN": 655,
  "Accuracy": 0.973886713065324,
  "Precision": 0.06362872742545149,
  "Recall": 0.3162839248434238,
  "Specificity": 0.9771193702823775,
  "FPR": 0.022880629717622548,
  "FNR": 0.6837160751565762,
  "F1": 0.10594405594405594,
  "IoU": 0.05593501938342256,
  "Dice": 0.10594405594405594,
  "MCC": 0.13290263411355355
}