{
  "sample_id": "1092868_DF_251_251BDF0052_00711",
  "TP": 974,
  "TN": 182282,
  "FP": 9815,
  "FN": 2768,
  "Accuracy": 0.9357482421785241,
  "Precision": 0.09027713411808323,
  "Recall": 0.2602886157135222,
  "Specificity": 0.9489060214370865,
  "FPR": 0.051093978562913527,
  "FNR": 0.7397113842864779,
  "F1": 0.13405822035647924,
  "IoU": 0.07184480342258612,
  "Dice": 0.13405822035647924,
  "MCC": 0.1255242364995879
}