{
  "sample_id": "1092981_DF_251_251BDF0052_00911",
  "TP": 1273,
  "TN": 185243,
  "FP": 6775,
  "FN": 2548,
  "Accuracy": 0.952394569008216,
  "Precision": 0.158175944333996,
  "Recall": 0.33315885893745095,
  "Specificity": 0.9647168494620296,
  "FPR": 0.0352831505379704,
  "FNR": 0.6668411410625491,
  "F1": 0.214508383183082,
  "IoU": 0.12013967534918837,
  "Dice": 0.214508383183082,
  "MCC": 0.20754544522263085
}