{
  "sample_id": "1092898_DF_251_251BDF0052_00764",
  "TP": 0,
  "TN": 195325,
  "FP": 257,
  "FN": 257,
  "Accuracy": 0.9973753950949504,
  "Precision": 0.0,
  "Recall": 0.0,
  "Specificity": 0.9986859731468131,
  "FPR": 0.0013140268531868986,
  "FNR": 1.0,
  "F1": 0.0,
  "IoU": 0.0,
  "Dice": 0.0,
  "MCC": -0.0013140268531868986
}