{
  "sample_id": "1092866_DF_251_251BDF0052_00708",
  "TP": 309,
  "TN": 189440,
  "FP": 4304,
  "FN": 1786,
  "Accuracy": 0.9689030274868642,
  "Precision": 0.0669846087145025,
  "Recall": 0.14749403341288783,
  "Specificity": 0.9777851185068956,
  "FPR": 0.022214881493104303,
  "FNR": 0.8525059665871122,
  "F1": 0.09212880143112702,
  "IoU": 0.048288795124238164,
  "Dice": 0.09212880143112702,
  "MCC": 0.08498059189983027
}