{
  "sample_id": "1093338_DF_251_251BDF0052_01597",
  "TP": 822,
  "TN": 183838,
  "FP": 9505,
  "FN": 1674,
  "Accuracy": 0.942917396432784,
  "Precision": 0.07959717246054034,
  "Recall": 0.3293269230769231,
  "Specificity": 0.9508386649633036,
  "FPR": 0.04916133503669644,
  "FNR": 0.6706730769230769,
  "F1": 0.12820712781720348,
  "IoU": 0.06849429214232147,
  "Dice": 0.12820712781720348,
  "MCC": 0.1406138876887804
}