{
  "sample_id": "1094276_DF_251_251BDF0052_03269",
  "TP": 148,
  "TN": 193310,
  "FP": 1713,
  "FN": 668,
  "Accuracy": 0.9878420539320565,
  "Precision": 0.07952713594841483,
  "Recall": 0.18137254901960784,
  "Specificity": 0.9912164206273106,
  "FPR": 0.008783579372689376,
  "FNR": 0.8186274509803921,
  "F1": 0.11057153530070975,
  "IoU": 0.05852115460656386,
  "Dice": 0.11057153530070975,
  "MCC": 0.11459128950905263
}