{
  "sample_id": "1093013_DF_251_251BDF0052_00968",
  "TP": 207,
  "TN": 192255,
  "FP": 1932,
  "FN": 1445,
  "Accuracy": 0.98275624364912,
  "Precision": 0.0967741935483871,
  "Recall": 0.12530266343825666,
  "Specificity": 0.990050827295339,
  "FPR": 0.009949172704660971,
  "FNR": 0.8746973365617433,
  "F1": 0.10920601424426273,
  "IoU": 0.05775669642857143,
  "Dice": 0.10920601424426273,
  "MCC": 0.10150224228516097
}