{
  "sample_id": "1093250_DF_251_251BDF0052_01416",
  "TP": 7,
  "TN": 195369,
  "FP": 281,
  "FN": 182,
  "Accuracy": 0.9976358130913658,
  "Precision": 0.024305555555555556,
  "Recall": 0.037037037037037035,
  "Specificity": 0.9985637618195757,
  "FPR": 0.0014362381804242268,
  "FNR": 0.9629629629629629,
  "F1": 0.029350104821802937,
  "IoU": 0.014893617021276596,
  "Dice": 0.029350104821802937,
  "MCC": 0.028847242612705805
}