{
  "sample_id": "1096867_DF_070_070BDF0010_03482",
  "TP": 110,
  "TN": 193597,
  "FP": 1102,
  "FN": 1030,
  "Accuracy": 0.9891135065027905,
  "Precision": 0.09075907590759076,
  "Recall": 0.09649122807017543,
  "Specificity": 0.9943399812017525,
  "FPR": 0.0056600187982475516,
  "FNR": 0.9035087719298246,
  "F1": 0.0935374149659864,
  "IoU": 0.04906333630686887,
  "Dice": 0.0935374149659864,
  "MCC": 0.08810824041618391
}