{
  "sample_id": "1093729_DF_251_251BDF0052_02261",
  "TP": 0,
  "TN": 194569,
  "FP": 512,
  "FN": 758,
  "Accuracy": 0.9935150812657336,
  "Precision": 0.0,
  "Recall": 0.0,
  "Specificity": 0.9973754491723951,
  "FPR": 0.0026245508276049436,
  "FNR": 1.0,
  "F1": 0.0,
  "IoU": 0.0,
  "Dice": 0.0,
  "MCC": -0.003191397913762725
}