{
  "sample_id": "1093257_DF_251_251BDF0052_01427",
  "TP": 24,
  "TN": 195157,
  "FP": 380,
  "FN": 278,
  "Accuracy": 0.9966400972227186,
  "Precision": 0.0594059405940594,
  "Recall": 0.07947019867549669,
  "Specificity": 0.9980566337828646,
  "FPR": 0.0019433662171353758,
  "FNR": 0.9205298013245033,
  "F1": 0.0679886685552408,
  "IoU": 0.03519061583577713,
  "Dice": 0.0679886685552408,
  "MCC": 0.06704681184422143
}