{
  "sample_id": "1092990_DF_251_251BDF0052_00927",
  "TP": 495,
  "TN": 186893,
  "FP": 5452,
  "FN": 2999,
  "Accuracy": 0.9568472061233972,
  "Precision": 0.0832352446611737,
  "Recall": 0.14167143674871208,
  "Specificity": 0.9716550989108113,
  "FPR": 0.028344901089188697,
  "FNR": 0.8583285632512879,
  "F1": 0.10486177311725453,
  "IoU": 0.05533199195171026,
  "Dice": 0.10486177311725453,
  "MCC": 0.08742410807324931
}