{
  "sample_id": "1092901_DF_251_251BDF0052_00770",
  "TP": 429,
  "TN": 187098,
  "FP": 6828,
  "FN": 1484,
  "Accuracy": 0.9575569728195099,
  "Precision": 0.05911533691608103,
  "Recall": 0.22425509670674335,
  "Specificity": 0.96479069335726,
  "FPR": 0.03520930664274002,
  "FNR": 0.7757449032932566,
  "F1": 0.0935659760087241,
  "IoU": 0.049079052739961104,
  "Dice": 0.0935659760087241,
  "MCC": 0.09842690632922706
}