{
  "sample_id": "1092990_DF_251_251BDF0052_00927",
  "TP": 974,
  "TN": 181493,
  "FP": 10852,
  "FN": 2520,
  "Accuracy": 0.9317194225869209,
  "Precision": 0.08236089971249788,
  "Recall": 0.27876359473382945,
  "Specificity": 0.9435805453741974,
  "FPR": 0.05641945462580259,
  "FNR": 0.7212364052661706,
  "F1": 0.12715404699738903,
  "IoU": 0.06789348947441795,
  "Dice": 0.12715404699738903,
  "MCC": 0.12356184908942755
}