{
  "sample_id": "1093006_DF_251_251BDF0052_00955",
  "TP": 97,
  "TN": 192690,
  "FP": 1844,
  "FN": 1208,
  "Accuracy": 0.9844157700968653,
  "Precision": 0.04997424008243174,
  "Recall": 0.0743295019157088,
  "Specificity": 0.9905209372140603,
  "FPR": 0.009479062785939733,
  "FNR": 0.9256704980842911,
  "F1": 0.05976586568083796,
  "IoU": 0.03080342966020959,
  "Dice": 0.05976586568083796,
  "MCC": 0.0532618813791518
}