{
  "sample_id": "1092857_DF_251_251BDF0052_00692",
  "TP": 898,
  "TN": 184260,
  "FP": 8252,
  "FN": 2429,
  "Accuracy": 0.9454603015742523,
  "Precision": 0.09814207650273224,
  "Recall": 0.26991283438533215,
  "Specificity": 0.9571351396276596,
  "FPR": 0.04286486037234043,
  "FNR": 0.7300871656146679,
  "F1": 0.14394485853971306,
  "IoU": 0.07755419293548665,
  "Dice": 0.14394485853971306,
  "MCC": 0.13902823925911426
}