{
  "sample_id": "1093880_DF_251_251BDF0052_02535",
  "TP": 12,
  "TN": 195547,
  "FP": 175,
  "FN": 105,
  "Accuracy": 0.9985702541373271,
  "Precision": 0.06417112299465241,
  "Recall": 0.10256410256410256,
  "Specificity": 0.9991058746589551,
  "FPR": 0.0008941253410449516,
  "FNR": 0.8974358974358975,
  "F1": 0.07894736842105263,
  "IoU": 0.0410958904109589,
  "Dice": 0.07894736842105263,
  "MCC": 0.08043453037699404
}