{
  "sample_id": "1093005_DF_251_251BDF0052_00953",
  "TP": 288,
  "TN": 191915,
  "FP": 2033,
  "FN": 1603,
  "Accuracy": 0.9814337287261475,
  "Precision": 0.12408444635932787,
  "Recall": 0.15230037017451084,
  "Specificity": 0.9895178088972302,
  "FPR": 0.010482191102769815,
  "FNR": 0.8476996298254892,
  "F1": 0.13675213675213677,
  "IoU": 0.07339449541284404,
  "Dice": 0.13675213675213677,
  "MCC": 0.12815102029719258
}