{
  "sample_id": "1092895_DF_251_251BDF0052_00759",
  "TP": 327,
  "TN": 190527,
  "FP": 3380,
  "FN": 1605,
  "Accuracy": 0.9745454174091984,
  "Precision": 0.08821149177232264,
  "Recall": 0.16925465838509315,
  "Specificity": 0.9825689634721799,
  "FPR": 0.017431036527820038,
  "FNR": 0.8307453416149069,
  "F1": 0.11597801028551162,
  "IoU": 0.06155873493975904,
  "Dice": 0.11597801028551162,
  "MCC": 0.1101104423881496
}