{
  "sample_id": "1092903_DF_251_251BDF0052_00773",
  "TP": 417,
  "TN": 187892,
  "FP": 4404,
  "FN": 3126,
  "Accuracy": 0.9615500487645464,
  "Precision": 0.0864965774735532,
  "Recall": 0.11769686706181202,
  "Specificity": 0.9770978075466988,
  "FPR": 0.022902192453301162,
  "FNR": 0.882303132938188,
  "F1": 0.09971305595408896,
  "IoU": 0.05247263118157795,
  "Dice": 0.09971305595408896,
  "MCC": 0.08153591120236132
}