{
  "sample_id": "1092848_DF_251_251BDF0052_00676",
  "TP": 910,
  "TN": 184563,
  "FP": 7924,
  "FN": 2442,
  "Accuracy": 0.9470687656697594,
  "Precision": 0.10301109350237718,
  "Recall": 0.2714797136038186,
  "Specificity": 0.9588335835666825,
  "FPR": 0.041166416433317574,
  "FNR": 0.7285202863961814,
  "F1": 0.149351715082882,
  "IoU": 0.08070237672933664,
  "Dice": 0.149351715082882,
  "MCC": 0.1439350002638707
}