{
  "sample_id": "1092945_DF_251_251BDF0052_00846",
  "TP": 519,
  "TN": 183662,
  "FP": 9399,
  "FN": 2259,
  "Accuracy": 0.9404715097605686,
  "Precision": 0.05232909860859044,
  "Recall": 0.18682505399568033,
  "Specificity": 0.9513159053356193,
  "FPR": 0.04868409466438069,
  "FNR": 0.8131749460043196,
  "F1": 0.08175803402646503,
  "IoU": 0.04262133530426213,
  "Dice": 0.08175803402646503,
  "MCC": 0.07450056884195166
}