{
  "sample_id": "1092869_DF_251_251BDF0052_00713",
  "TP": 359,
  "TN": 189928,
  "FP": 3839,
  "FN": 1713,
  "Accuracy": 0.9716501820372857,
  "Precision": 0.08551691281562648,
  "Recall": 0.17326254826254825,
  "Specificity": 0.9801875448347758,
  "FPR": 0.019812455165224212,
  "FNR": 0.8267374517374517,
  "F1": 0.11451355661881978,
  "IoU": 0.060734224327524955,
  "Dice": 0.11451355661881978,
  "MCC": 0.1084018036126729
}