{
  "sample_id": "1092947_DF_251_251BDF0052_00849",
  "TP": 262,
  "TN": 190829,
  "FP": 3552,
  "FN": 1196,
  "Accuracy": 0.9757555951572465,
  "Precision": 0.06869428421604615,
  "Recall": 0.17969821673525377,
  "Specificity": 0.9817266090821634,
  "FPR": 0.01827339091783662,
  "FNR": 0.8203017832647462,
  "F1": 0.09939301972685888,
  "IoU": 0.05229540918163673,
  "Dice": 0.09939301972685888,
  "MCC": 0.10041688918201859
}