{
  "sample_id": "1093729_DF_251_251BDF0052_02261",
  "TP": 0,
  "TN": 194614,
  "FP": 467,
  "FN": 758,
  "Accuracy": 0.993744861850806,
  "Precision": 0.0,
  "Recall": 0.0,
  "Specificity": 0.9976061225849775,
  "FPR": 0.0023938774150224777,
  "FNR": 1.0,
  "F1": 0.0,
  "IoU": 0.0,
  "Dice": 0.0,
  "MCC": -0.0030475749512836954
}