{
  "sample_id": "1092996_DF_251_251BDF0052_00937",
  "TP": 1290,
  "TN": 182275,
  "FP": 9750,
  "FN": 2524,
  "Accuracy": 0.9373260688626882,
  "Precision": 0.11684782608695653,
  "Recall": 0.3382275825904562,
  "Specificity": 0.9492253612810831,
  "FPR": 0.050774638718916805,
  "FNR": 0.6617724174095437,
  "F1": 0.17369058839369866,
  "IoU": 0.0951046888823356,
  "Dice": 0.17369058839369866,
  "MCC": 0.17222716264464719
}