{
  "sample_id": "1097235_DF_070_070BDF0010_04135",
  "TP": 0,
  "TN": 195132,
  "FP": 306,
  "FN": 401,
  "Accuracy": 0.9963898916967509,
  "Precision": 0.0,
  "Recall": 0.0,
  "Specificity": 0.998434286065146,
  "FPR": 0.0015657139348540202,
  "FNR": 1.0,
  "F1": 0.0,
  "IoU": 0.0,
  "Dice": 0.0,
  "MCC": -0.0017919189527563436
}