{
  "sample_id": "1092885_DF_251_251BDF0052_00741",
  "TP": 4,
  "TN": 194699,
  "FP": 518,
  "FN": 618,
  "Accuracy": 0.994199316785727,
  "Precision": 0.007662835249042145,
  "Recall": 0.006430868167202572,
  "Specificity": 0.9973465425654529,
  "FPR": 0.002653457434547196,
  "FNR": 0.9935691318327974,
  "F1": 0.006993006993006993,
  "IoU": 0.0035087719298245615,
  "Dice": 0.006993006993006993,
  "MCC": 0.004122331809042819
}