{
  "sample_id": "1094047_DF_251_251BDF0052_02839",
  "TP": 2173,
  "TN": 184934,
  "FP": 4665,
  "FN": 4067,
  "Accuracy": 0.9554123540255005,
  "Precision": 0.31778297747879497,
  "Recall": 0.34823717948717947,
  "Specificity": 0.9753954398493663,
  "FPR": 0.024604560150633704,
  "FNR": 0.6517628205128205,
  "F1": 0.3323138094509864,
  "IoU": 0.19926639156350298,
  "Dice": 0.3323138094509864,
  "MCC": 0.3096463784973188
}