{
  "sample_id": "1092875_DF_251_251BDF0052_00723",
  "TP": 836,
  "TN": 188270,
  "FP": 4255,
  "FN": 2478,
  "Accuracy": 0.9656197182379403,
  "Precision": 0.16421135336868983,
  "Recall": 0.25226312613156304,
  "Specificity": 0.9778989741592001,
  "FPR": 0.022101025840799895,
  "FNR": 0.7477368738684369,
  "F1": 0.19892920880428316,
  "IoU": 0.11045052186550403,
  "Dice": 0.19892920880428316,
  "MCC": 0.18656152579733534
}