{
  "sample_id": "1095862_DF_070_070BDF0010_01664",
  "TP": 429,
  "TN": 190360,
  "FP": 2896,
  "FN": 2154,
  "Accuracy": 0.9742135121196493,
  "Precision": 0.12902255639097746,
  "Recall": 0.16608594657375145,
  "Specificity": 0.9850146955333857,
  "FPR": 0.014985304466614231,
  "FNR": 0.8339140534262486,
  "F1": 0.14522681110358834,
  "IoU": 0.07829895966417229,
  "Dice": 0.14522681110358834,
  "MCC": 0.13343446615252125
}