{
  "sample_id": "1092858_DF_251_251BDF0052_00694",
  "TP": 1056,
  "TN": 183182,
  "FP": 9180,
  "FN": 2421,
  "Accuracy": 0.940762565168327,
  "Precision": 0.10316529894490035,
  "Recall": 0.30371009490940465,
  "Specificity": 0.9522774768405402,
  "FPR": 0.04772252315945977,
  "FNR": 0.6962899050905953,
  "F1": 0.15401443885364252,
  "IoU": 0.08343209291301257,
  "Dice": 0.15401443885364252,
  "MCC": 0.15188791956474676
}