{
  "sample_id": "1092909_DF_251_251BDF0052_00784",
  "TP": 148,
  "TN": 193246,
  "FP": 1238,
  "FN": 1207,
  "Accuracy": 0.9875152548777312,
  "Precision": 0.10678210678210678,
  "Recall": 0.10922509225092251,
  "Specificity": 0.9936344377943687,
  "FPR": 0.006365562205631311,
  "FNR": 0.8907749077490775,
  "F1": 0.1079897847500912,
  "IoU": 0.05707674508291554,
  "Dice": 0.1079897847500912,
  "MCC": 0.10171082650175864
}