{
  "sample_id": "1092853_DF_251_251BDF0052_00685",
  "TP": 337,
  "TN": 190147,
  "FP": 2620,
  "FN": 2735,
  "Accuracy": 0.9726561103763806,
  "Precision": 0.11396685830233344,
  "Recall": 0.10970052083333333,
  "Specificity": 0.9864084620292892,
  "FPR": 0.013591537970710754,
  "FNR": 0.8902994791666666,
  "F1": 0.11179300049759495,
  "IoU": 0.05920590302178496,
  "Dice": 0.11179300049759495,
  "MCC": 0.09793082619674301
}