{
  "sample_id": "1092957_DF_251_251BDF0052_00869",
  "TP": 68,
  "TN": 193450,
  "FP": 1601,
  "FN": 720,
  "Accuracy": 0.9881484280454863,
  "Precision": 0.04074295985620132,
  "Recall": 0.08629441624365482,
  "Specificity": 0.9917918903261198,
  "FPR": 0.008208109673880165,
  "FNR": 0.9137055837563451,
  "F1": 0.055352055352055354,
  "IoU": 0.028463792381749686,
  "Dice": 0.055352055352055354,
  "MCC": 0.05377653889130672
}