{
  "sample_id": "1094243_DF_251_251BDF0052_03205",
  "TP": 203,
  "TN": 192733,
  "FP": 1805,
  "FN": 1098,
  "Accuracy": 0.9851765991452163,
  "Precision": 0.10109561752988047,
  "Recall": 0.15603382013835512,
  "Specificity": 0.9907216070896174,
  "FPR": 0.009278392910382547,
  "FNR": 0.8439661798616449,
  "F1": 0.12269567845270475,
  "IoU": 0.06535737282678686,
  "Dice": 0.12269567845270475,
  "MCC": 0.11834272636147031
}