{
  "sample_id": "1094001_DF_251_251BDF0052_02755",
  "TP": 509,
  "TN": 189283,
  "FP": 3799,
  "FN": 2248,
  "Accuracy": 0.969122595601489,
  "Precision": 0.1181522748375116,
  "Recall": 0.18462096481682988,
  "Specificity": 0.9803244217482727,
  "FPR": 0.019675578251727246,
  "FNR": 0.8153790351831701,
  "F1": 0.14409058740268932,
  "IoU": 0.07763880414887127,
  "Dice": 0.14409058740268932,
  "MCC": 0.13248663359805463
}