{
  "sample_id": "1093882_DF_251_251BDF0052_02538",
  "TP": 672,
  "TN": 188546,
  "FP": 5221,
  "FN": 1400,
  "Accuracy": 0.9661916165830096,
  "Precision": 0.11403359918547429,
  "Recall": 0.32432432432432434,
  "Specificity": 0.9730552674087951,
  "FPR": 0.0269447325912049,
  "FNR": 0.6756756756756757,
  "F1": 0.1687382297551789,
  "IoU": 0.09214315096668038,
  "Dice": 0.1687382297551789,
  "MCC": 0.17809947832883805
}