{
  "sample_id": "1093257_DF_251_251BDF0052_01427",
  "TP": 18,
  "TN": 195109,
  "FP": 428,
  "FN": 284,
  "Accuracy": 0.9963643605206317,
  "Precision": 0.04035874439461883,
  "Recall": 0.059602649006622516,
  "Specificity": 0.9978111559449107,
  "FPR": 0.002188844055089318,
  "FNR": 0.9403973509933775,
  "F1": 0.0481283422459893,
  "IoU": 0.024657534246575342,
  "Dice": 0.0481283422459893,
  "MCC": 0.04726202712491557
}