{
  "sample_id": "1093004_DF_251_251BDF0052_00952",
  "TP": 667,
  "TN": 185332,
  "FP": 7640,
  "FN": 2200,
  "Accuracy": 0.9497546453974949,
  "Precision": 0.08029372818105213,
  "Recall": 0.2326473665852808,
  "Specificity": 0.9604087639657567,
  "FPR": 0.03959123603424331,
  "FNR": 0.7673526334147193,
  "F1": 0.11938428494719885,
  "IoU": 0.06348148853145522,
  "Dice": 0.11938428494719885,
  "MCC": 0.11504951571015411
}