{
  "sample_id": "1096057_DF_070_070BDF0010_02023",
  "TP": 0,
  "TN": 195059,
  "FP": 219,
  "FN": 561,
  "Accuracy": 0.9960171365254111,
  "Precision": 0.0,
  "Recall": 0.0,
  "Specificity": 0.9988785219021088,
  "FPR": 0.0011214780978912116,
  "FNR": 1.0,
  "F1": 0.0,
  "IoU": 0.0,
  "Dice": 0.0,
  "MCC": -0.001793371243130776
}