{
  "sample_id": "1094256_DF_251_251BDF0052_03232",
  "TP": 48,
  "TN": 193763,
  "FP": 1430,
  "FN": 598,
  "Accuracy": 0.9896445549660691,
  "Precision": 0.03247631935047361,
  "Recall": 0.07430340557275542,
  "Specificity": 0.9926739176097503,
  "FPR": 0.0073260823902496506,
  "FNR": 0.9256965944272446,
  "F1": 0.04519774011299435,
  "IoU": 0.023121387283236993,
  "Dice": 0.04519774011299435,
  "MCC": 0.04437459328331662
}