{
  "sample_id": "1098964_DF_070_070BDF0010_07294",
  "TP": 0,
  "TN": 195279,
  "FP": 288,
  "FN": 272,
  "Accuracy": 0.9971405082746542,
  "Precision": 0.0,
  "Recall": 0.0,
  "Specificity": 0.9985273589102456,
  "FPR": 0.0014726410897544064,
  "FNR": 1.0,
  "F1": 0.0,
  "IoU": 0.0,
  "Dice": 0.0,
  "MCC": -0.0014312084393291438
}