{
  "sample_id": "1094256_DF_251_251BDF0052_03232",
  "TP": 42,
  "TN": 194267,
  "FP": 926,
  "FN": 604,
  "Accuracy": 0.9921874601075373,
  "Precision": 0.04338842975206612,
  "Recall": 0.06501547987616099,
  "Specificity": 0.9952559774172229,
  "FPR": 0.004744022582777046,
  "FNR": 0.934984520123839,
  "F1": 0.05204460966542751,
  "IoU": 0.026717557251908396,
  "Dice": 0.05204460966542751,
  "MCC": 0.049277513462515
}