{
  "sample_id": "1092899_DF_251_251BDF0052_00766",
  "TP": 361,
  "TN": 194327,
  "FP": 498,
  "FN": 653,
  "Accuracy": 0.9941227232573696,
  "Precision": 0.420256111757858,
  "Recall": 0.35601577909270216,
  "Specificity": 0.9974438598742461,
  "FPR": 0.002556140125753882,
  "FNR": 0.6439842209072978,
  "F1": 0.38547784303256805,
  "IoU": 0.23875661375661375,
  "Dice": 0.38547784303256805,
  "MCC": 0.38387473931915356
}