{
  "sample_id": "1093001_DF_251_251BDF0052_00947",
  "TP": 124,
  "TN": 192674,
  "FP": 2175,
  "FN": 866,
  "Accuracy": 0.9844719386843275,
  "Precision": 0.053936494127881686,
  "Recall": 0.12525252525252525,
  "Specificity": 0.9888375100719018,
  "FPR": 0.011162489928098169,
  "FNR": 0.8747474747474747,
  "F1": 0.07540285801155366,
  "IoU": 0.039178515007898894,
  "Dice": 0.07540285801155366,
  "MCC": 0.07512068656934982
}