{
  "sample_id": "1092886_DF_251_251BDF0052_00743",
  "TP": 204,
  "TN": 192520,
  "FP": 1619,
  "FN": 1496,
  "Accuracy": 0.9840940772777639,
  "Precision": 0.11190345584201865,
  "Recall": 0.12,
  "Specificity": 0.9916606143021237,
  "FPR": 0.008339385697876263,
  "FNR": 0.88,
  "F1": 0.1158103888731195,
  "IoU": 0.06146429647484182,
  "Dice": 0.1158103888731195,
  "MCC": 0.10786207232460246
}