{
  "sample_id": "1094289_DF_251_251BDF0052_03293",
  "TP": 128,
  "TN": 193552,
  "FP": 929,
  "FN": 1230,
  "Accuracy": 0.988975638151747,
  "Precision": 0.12109744560075686,
  "Recall": 0.09425625920471281,
  "Specificity": 0.9952231837557396,
  "FPR": 0.004776816244260365,
  "FNR": 0.9057437407952872,
  "F1": 0.10600414078674948,
  "IoU": 0.05596851770878881,
  "Dice": 0.10600414078674948,
  "MCC": 0.10134442015202709
}