{
  "sample_id": "1093882_DF_251_251BDF0052_02538",
  "TP": 411,
  "TN": 191144,
  "FP": 2623,
  "FN": 1661,
  "Accuracy": 0.9781248883011044,
  "Precision": 0.13546473302570863,
  "Recall": 0.19835907335907335,
  "Specificity": 0.9864631232356387,
  "FPR": 0.01353687676436132,
  "FNR": 0.8016409266409267,
  "F1": 0.1609870740305523,
  "IoU": 0.08753993610223643,
  "Dice": 0.1609870740305523,
  "MCC": 0.1531164940367509
}