{
  "sample_id": "1093532_DF_251_251BDF0052_01928",
  "TP": 0,
  "TN": 195623,
  "FP": 84,
  "FN": 132,
  "Accuracy": 0.9988970531916523,
  "Precision": 0.0,
  "Recall": 0.0,
  "Specificity": 0.9995707869417036,
  "FPR": 0.0004292130582963307,
  "FNR": 1.0,
  "F1": 0.0,
  "IoU": 0.0,
  "Dice": 0.0,
  "MCC": -0.0005379810732091221
}