{
  "sample_id": "1094003_DF_251_251BDF0052_02758",
  "TP": 325,
  "TN": 190695,
  "FP": 2492,
  "FN": 2327,
  "Accuracy": 0.9753930524563544,
  "Precision": 0.11537096201632943,
  "Recall": 0.12254901960784313,
  "Specificity": 0.9871005813020545,
  "FPR": 0.012899418697945513,
  "FNR": 0.8774509803921569,
  "F1": 0.11885170963613093,
  "IoU": 0.06318040435458787,
  "Dice": 0.11885170963613093,
  "MCC": 0.1064353604487706
}