{
  "sample_id": "1093982_DF_251_251BDF0052_02720",
  "TP": 5,
  "TN": 195703,
  "FP": 61,
  "FN": 70,
  "Accuracy": 0.999331083185678,
  "Precision": 0.07575757575757576,
  "Recall": 0.06666666666666667,
  "Specificity": 0.9996884003187512,
  "FPR": 0.00031159968124885065,
  "FNR": 0.9333333333333333,
  "F1": 0.07092198581560284,
  "IoU": 0.03676470588235294,
  "Dice": 0.07092198581560284,
  "MCC": 0.07073311316197299
}