{
  "sample_id": "1094254_DF_251_251BDF0052_03227",
  "TP": 457,
  "TN": 190638,
  "FP": 2392,
  "FN": 2352,
  "Accuracy": 0.9757760200981418,
  "Precision": 0.1604071604071604,
  "Recall": 0.16269134923460307,
  "Specificity": 0.9876081438118427,
  "FPR": 0.012391856188157281,
  "FNR": 0.837308650765397,
  "F1": 0.1615411806291976,
  "IoU": 0.08786771774658719,
  "Dice": 0.1615411806291976,
  "MCC": 0.14925612525816845
}