{
  "sample_id": "1093878_DF_251_251BDF0052_02531",
  "TP": 439,
  "TN": 190964,
  "FP": 2149,
  "FN": 2287,
  "Accuracy": 0.9773487405470821,
  "Precision": 0.169629057187017,
  "Recall": 0.16104181951577404,
  "Specificity": 0.9888718004484421,
  "FPR": 0.011128199551557897,
  "FNR": 0.838958180484226,
  "F1": 0.16522393677079414,
  "IoU": 0.09005128205128204,
  "Dice": 0.16522393677079414,
  "MCC": 0.15380369223058982
}