{
  "sample_id": "1096018_DF_070_070BDF0010_01954",
  "TP": 488,
  "TN": 190123,
  "FP": 2439,
  "FN": 2789,
  "Accuracy": 0.9733046022498072,
  "Precision": 0.16672360778954562,
  "Recall": 0.14891669209642966,
  "Specificity": 0.9873339495850687,
  "FPR": 0.012666050414931294,
  "FNR": 0.8510833079035703,
  "F1": 0.15731785944551901,
  "IoU": 0.08537438768369489,
  "Dice": 0.15731785944551901,
  "MCC": 0.14403601188340254
}