{
  "sample_id": "1097248_DF_070_070BDF0010_04158",
  "TP": 180,
  "TN": 193595,
  "FP": 834,
  "FN": 1230,
  "Accuracy": 0.9894607304980111,
  "Precision": 0.17751479289940827,
  "Recall": 0.1276595744680851,
  "Specificity": 0.9957105164353054,
  "FPR": 0.004289483564694567,
  "FNR": 0.8723404255319149,
  "F1": 0.1485148514851485,
  "IoU": 0.08021390374331551,
  "Dice": 0.1485148514851485,
  "MCC": 0.14533112732247672
}