{
  "sample_id": "1092854_DF_251_251BDF0052_00687",
  "TP": 182,
  "TN": 191142,
  "FP": 3175,
  "FN": 1340,
  "Accuracy": 0.9769453479643994,
  "Precision": 0.05421507298182902,
  "Recall": 0.11957950065703023,
  "Specificity": 0.9836607193400474,
  "FPR": 0.016339280659952552,
  "FNR": 0.8804204993429697,
  "F1": 0.0746054519368723,
  "IoU": 0.038748137108792845,
  "Dice": 0.0746054519368723,
  "MCC": 0.06984589939624491
}