{
  "sample_id": "1092907_DF_251_251BDF0052_00780",
  "TP": 1548,
  "TN": 180837,
  "FP": 9016,
  "FN": 4438,
  "Accuracy": 0.9313007112985667,
  "Precision": 0.1465354032563423,
  "Recall": 0.25860340795188774,
  "Specificity": 0.9525106266427183,
  "FPR": 0.047489373357281685,
  "FNR": 0.7413965920481123,
  "F1": 0.18706948640483384,
  "IoU": 0.10318624183442207,
  "Dice": 0.18706948640483384,
  "MCC": 0.1608687127604036
}