{
  "sample_id": "1092844_DF_251_251BDF0052_00669",
  "TP": 706,
  "TN": 185152,
  "FP": 7751,
  "FN": 2230,
  "Accuracy": 0.9490346662309346,
  "Precision": 0.08348113988411966,
  "Recall": 0.24046321525885558,
  "Specificity": 0.9598191837348304,
  "FPR": 0.04018081626516954,
  "FNR": 0.7595367847411444,
  "F1": 0.12393575002194329,
  "IoU": 0.066061570131936,
  "Dice": 0.12393575002194329,
  "MCC": 0.11973419562817046
}