{
  "sample_id": "1094000_DF_251_251BDF0052_02753",
  "TP": 370,
  "TN": 192377,
  "FP": 1737,
  "FN": 1355,
  "Accuracy": 0.984211520687912,
  "Precision": 0.17560512577123874,
  "Recall": 0.2144927536231884,
  "Specificity": 0.9910516500613041,
  "FPR": 0.008948349938695819,
  "FNR": 0.7855072463768116,
  "F1": 0.1931106471816284,
  "IoU": 0.10687463893703061,
  "Dice": 0.1931106471816284,
  "MCC": 0.18616399374838388
}