{
  "sample_id": "1092983_DF_251_251BDF0052_00914",
  "TP": 1064,
  "TN": 189806,
  "FP": 2725,
  "FN": 2244,
  "Accuracy": 0.9746271171727797,
  "Precision": 0.2808128793877012,
  "Recall": 0.3216444981862152,
  "Specificity": 0.9858464351195392,
  "FPR": 0.014153564880460809,
  "FNR": 0.6783555018137848,
  "F1": 0.2998450049316613,
  "IoU": 0.17636333499088347,
  "Dice": 0.2998450049316613,
  "MCC": 0.287670905247686
}