{
  "sample_id": "1094290_DF_251_251BDF0052_03295",
  "TP": 58,
  "TN": 194184,
  "FP": 861,
  "FN": 736,
  "Accuracy": 0.9918453423475406,
  "Precision": 0.06311207834602829,
  "Recall": 0.07304785894206549,
  "Specificity": 0.995585634084442,
  "FPR": 0.004414365915557948,
  "FNR": 0.9269521410579346,
  "F1": 0.06771745475773497,
  "IoU": 0.035045317220543805,
  "Dice": 0.06771745475773497,
  "MCC": 0.06381573966673984
}