{
  "sample_id": "1092908_DF_251_251BDF0052_00782",
  "TP": 185,
  "TN": 191743,
  "FP": 2346,
  "FN": 1565,
  "Accuracy": 0.9800295140395937,
  "Precision": 0.07309363887791387,
  "Recall": 0.10571428571428572,
  "Specificity": 0.9879127616711921,
  "FPR": 0.012087238328807919,
  "FNR": 0.8942857142857142,
  "F1": 0.08642840457836953,
  "IoU": 0.045166015625,
  "Dice": 0.08642840457836953,
  "MCC": 0.07800991899393117
}