{
  "sample_id": "1093597_DF_251_251BDF0052_02037",
  "TP": 3,
  "TN": 195506,
  "FP": 130,
  "FN": 200,
  "Accuracy": 0.9983149423761355,
  "Precision": 0.022556390977443608,
  "Recall": 0.014778325123152709,
  "Specificity": 0.9993355006236071,
  "FPR": 0.0006644993763928929,
  "FNR": 0.9852216748768473,
  "F1": 0.017857142857142856,
  "IoU": 0.009009009009009009,
  "Dice": 0.017857142857142856,
  "MCC": 0.01743368789089518
}