{
  "sample_id": "1092995_DF_251_251BDF0052_00936",
  "TP": 849,
  "TN": 186081,
  "FP": 5847,
  "FN": 3062,
  "Accuracy": 0.9545085503908823,
  "Precision": 0.1267921146953405,
  "Recall": 0.21708003068268986,
  "Specificity": 0.9695354507940478,
  "FPR": 0.03046454920595223,
  "FNR": 0.7829199693173101,
  "F1": 0.16008296408032432,
  "IoU": 0.08700553392088543,
  "Dice": 0.16008296408032432,
  "MCC": 0.14366728593270245
}