{
  "sample_id": "1096017_DF_070_070BDF0010_01952",
  "TP": 702,
  "TN": 190741,
  "FP": 2160,
  "FN": 2236,
  "Accuracy": 0.9775529899560353,
  "Precision": 0.24528301886792453,
  "Recall": 0.23893805309734514,
  "Specificity": 0.9888025463838964,
  "FPR": 0.011197453616103597,
  "FNR": 0.7610619469026548,
  "F1": 0.24206896551724139,
  "IoU": 0.13770105923891723,
  "Dice": 0.24206896551724139,
  "MCC": 0.2306991554941246
}