{
  "sample_id": "1092892_DF_251_251BDF0052_00753",
  "TP": 736,
  "TN": 188098,
  "FP": 3740,
  "FN": 3265,
  "Accuracy": 0.9642308222570581,
  "Precision": 0.1644325290437891,
  "Recall": 0.18395401149712573,
  "Specificity": 0.980504383907255,
  "FPR": 0.01949561609274492,
  "FNR": 0.8160459885028742,
  "F1": 0.1736463371475758,
  "IoU": 0.09507815527709598,
  "Dice": 0.1736463371475758,
  "MCC": 0.155680285362291
}