{
  "sample_id": "1093098_DF_251_251BDF0052_01116",
  "TP": 3962,
  "TN": 173473,
  "FP": 9738,
  "FN": 8666,
  "Accuracy": 0.9060248469405991,
  "Precision": 0.2891970802919708,
  "Recall": 0.3137472283813747,
  "Specificity": 0.9468481695968037,
  "FPR": 0.053151830403196314,
  "FNR": 0.6862527716186253,
  "F1": 0.3009723488301428,
  "IoU": 0.17714387910220872,
  "Dice": 0.3009723488301428,
  "MCC": 0.2509273751583299
}