{
  "sample_id": "1095940_DF_070_070BDF0010_01813",
  "TP": 160,
  "TN": 192602,
  "FP": 1660,
  "FN": 1417,
  "Accuracy": 0.9842881142162695,
  "Precision": 0.08791208791208792,
  "Recall": 0.10145846544071022,
  "Specificity": 0.9914548393406842,
  "FPR": 0.00854516065931577,
  "FNR": 0.8985415345592898,
  "F1": 0.09420076538121873,
  "IoU": 0.04942848316342292,
  "Dice": 0.09420076538121873,
  "MCC": 0.08654258376563097
}