{
  "sample_id": "1097237_DF_070_070BDF0010_04139",
  "TP": 111,
  "TN": 191514,
  "FP": 632,
  "FN": 3582,
  "Accuracy": 0.9784823247667727,
  "Precision": 0.14939434724091522,
  "Recall": 0.030056864337936636,
  "Specificity": 0.996710834469622,
  "FPR": 0.003289165530377942,
  "FNR": 0.9699431356620634,
  "F1": 0.05004508566275924,
  "IoU": 0.025664739884393065,
  "Dice": 0.05004508566275924,
  "MCC": 0.059224005297857284
}