{
  "sample_id": "1093083_DF_251_251BDF0052_01091",
  "TP": 4051,
  "TN": 172238,
  "FP": 15796,
  "FN": 3754,
  "Accuracy": 0.9001731013740879,
  "Precision": 0.2041114526124855,
  "Recall": 0.519026265214606,
  "Specificity": 0.915993915993916,
  "FPR": 0.084006084006084,
  "FNR": 0.48097373478539396,
  "F1": 0.29299869810501955,
  "IoU": 0.17164526926825135,
  "Dice": 0.29299869810501955,
  "MCC": 0.28198119900352064
}