{
  "sample_id": "1094047_DF_251_251BDF0052_02839",
  "TP": 2018,
  "TN": 185383,
  "FP": 4216,
  "FN": 4222,
  "Accuracy": 0.9569135871813071,
  "Precision": 0.3237086942572987,
  "Recall": 0.3233974358974359,
  "Specificity": 0.9777635957995559,
  "FPR": 0.022236404200444097,
  "FNR": 0.6766025641025641,
  "F1": 0.3235529902196569,
  "IoU": 0.1929992348890589,
  "Dice": 0.3235529902196569,
  "MCC": 0.3013011577425785
}