{
  "sample_id": "1092940_DF_251_251BDF0052_00838",
  "TP": 242,
  "TN": 190701,
  "FP": 2637,
  "FN": 2259,
  "Accuracy": 0.9749998723441194,
  "Precision": 0.08405696422368879,
  "Recall": 0.09676129548180727,
  "Specificity": 0.9863606740526952,
  "FPR": 0.01363932594730472,
  "FNR": 0.9032387045181928,
  "F1": 0.08996282527881042,
  "IoU": 0.047100038925652,
  "Dice": 0.08996282527881042,
  "MCC": 0.07754910752720075
}