{
  "sample_id": "1092874_DF_251_251BDF0052_00722",
  "TP": 1200,
  "TN": 186563,
  "FP": 5852,
  "FN": 2224,
  "Accuracy": 0.9587620443323343,
  "Precision": 0.17016449234259784,
  "Recall": 0.35046728971962615,
  "Specificity": 0.969586570693553,
  "FPR": 0.030413429306447002,
  "FNR": 0.6495327102803738,
  "F1": 0.2290950744558992,
  "IoU": 0.129366106080207,
  "Dice": 0.2290950744558992,
  "MCC": 0.2251475451415118
}