{
  "sample_id": "1093204_DF_251_251BDF0052_01335",
  "TP": 45,
  "TN": 194769,
  "FP": 577,
  "FN": 448,
  "Accuracy": 0.9947661088955724,
  "Precision": 0.07234726688102894,
  "Recall": 0.09127789046653144,
  "Specificity": 0.9970462666243486,
  "FPR": 0.0029537333756514085,
  "FNR": 0.9087221095334685,
  "F1": 0.08071748878923767,
  "IoU": 0.04205607476635514,
  "Dice": 0.08071748878923767,
  "MCC": 0.07865950570337822
}