{
  "sample_id": "1093258_DF_251_251BDF0052_01429",
  "TP": 225,
  "TN": 192606,
  "FP": 1891,
  "FN": 1117,
  "Accuracy": 0.9846404444467138,
  "Precision": 0.10633270321361059,
  "Recall": 0.1676602086438152,
  "Specificity": 0.9902774849997686,
  "FPR": 0.009722515000231366,
  "FNR": 0.8323397913561847,
  "F1": 0.13013302486986697,
  "IoU": 0.06959480358799876,
  "Dice": 0.13013302486986697,
  "MCC": 0.12602888050541253
}