{
  "sample_id": "1093881_DF_251_251BDF0052_02537",
  "TP": 121,
  "TN": 194379,
  "FP": 807,
  "FN": 532,
  "Accuracy": 0.9931627510352892,
  "Precision": 0.13038793103448276,
  "Recall": 0.18529862174578868,
  "Specificity": 0.9958654821554824,
  "FPR": 0.004134517844517537,
  "FNR": 0.8147013782542113,
  "F1": 0.15306767868437698,
  "IoU": 0.08287671232876713,
  "Dice": 0.15306767868437698,
  "MCC": 0.15207608018036067
}