{
  "sample_id": "1093927_DF_251_251BDF0052_02620",
  "TP": 105,
  "TN": 193351,
  "FP": 1414,
  "FN": 969,
  "Accuracy": 0.9878318414616087,
  "Precision": 0.06912442396313365,
  "Recall": 0.09776536312849161,
  "Specificity": 0.9927399686802043,
  "FPR": 0.007260031319795651,
  "FNR": 0.9022346368715084,
  "F1": 0.08098727342846124,
  "IoU": 0.04220257234726688,
  "Dice": 0.08098727342846124,
  "MCC": 0.07618932489804131
}