{
  "sample_id": "1092852_DF_251_251BDF0052_00683",
  "TP": 594,
  "TN": 187108,
  "FP": 6292,
  "FN": 1845,
  "Accuracy": 0.9584505639836804,
  "Precision": 0.08626198083067092,
  "Recall": 0.24354243542435425,
  "Specificity": 0.9674663908996898,
  "FPR": 0.03253360910031024,
  "FNR": 0.7564575645756457,
  "F1": 0.1273994638069705,
  "IoU": 0.06803344404993701,
  "Dice": 0.1273994638069705,
  "MCC": 0.12704990712396094
}