{
  "sample_id": "1092842_DF_251_251BDF0052_00665",
  "TP": 701,
  "TN": 186350,
  "FP": 6285,
  "FN": 2503,
  "Accuracy": 0.955126404852966,
  "Precision": 0.10034354423131978,
  "Recall": 0.21878901373283396,
  "Specificity": 0.967373530251512,
  "FPR": 0.032626469748488075,
  "FNR": 0.781210986267166,
  "F1": 0.13758586849852797,
  "IoU": 0.07387501317314786,
  "Dice": 0.13758586849852797,
  "MCC": 0.1273297606573958
}