{
  "sample_id": "1092991_DF_251_251BDF0052_00928",
  "TP": 590,
  "TN": 187988,
  "FP": 4400,
  "FN": 2861,
  "Accuracy": 0.9629236260397571,
  "Precision": 0.11823647294589178,
  "Recall": 0.1709649376992176,
  "Specificity": 0.9771295506996278,
  "FPR": 0.022870449300372166,
  "FNR": 0.8290350623007824,
  "F1": 0.13979386328634047,
  "IoU": 0.07514966246338046,
  "Dice": 0.13979386328634047,
  "MCC": 0.12365313973210842
}