{
  "sample_id": "1094912_DF_251_251BDF0052_04497",
  "TP": 322,
  "TN": 192600,
  "FP": 1650,
  "FN": 1267,
  "Accuracy": 0.9851051118520826,
  "Precision": 0.16328600405679514,
  "Recall": 0.2026431718061674,
  "Specificity": 0.9915057915057915,
  "FPR": 0.008494208494208495,
  "FNR": 0.7973568281938326,
  "F1": 0.18084807638303846,
  "IoU": 0.0994133991972831,
  "Dice": 0.18084807638303846,
  "MCC": 0.17445046765661343
}