{
  "sample_id": "1093082_DF_251_251BDF0052_01089",
  "TP": 808,
  "TN": 189165,
  "FP": 4248,
  "FN": 1618,
  "Accuracy": 0.9700468241770025,
  "Precision": 0.15981012658227847,
  "Recall": 0.3330585325638912,
  "Specificity": 0.9780366366273208,
  "FPR": 0.02196336337267919,
  "FNR": 0.6669414674361088,
  "F1": 0.21598503074044373,
  "IoU": 0.12106682649086005,
  "Dice": 0.21598503074044373,
  "MCC": 0.21697421545484114
}