{
  "sample_id": "1093928_DF_251_251BDF0052_02622",
  "TP": 125,
  "TN": 194070,
  "FP": 864,
  "FN": 780,
  "Accuracy": 0.9916053492920205,
  "Precision": 0.1263902932254803,
  "Recall": 0.13812154696132597,
  "Specificity": 0.9955677306165164,
  "FPR": 0.004432269383483641,
  "FNR": 0.861878453038674,
  "F1": 0.13199577613516367,
  "IoU": 0.07066139061616733,
  "Dice": 0.13199577613516367,
  "MCC": 0.12791347941309203
}