{
  "sample_id": "1092936_DF_251_251BDF0052_00831",
  "TP": 84,
  "TN": 193843,
  "FP": 1232,
  "FN": 680,
  "Accuracy": 0.9902368782520335,
  "Precision": 0.06382978723404255,
  "Recall": 0.1099476439790576,
  "Specificity": 0.993684480328079,
  "FPR": 0.006315519671921056,
  "FNR": 0.8900523560209425,
  "F1": 0.08076923076923077,
  "IoU": 0.04208416833667335,
  "Dice": 0.08076923076923077,
  "MCC": 0.07907304508440005
}