{
  "sample_id": "1092843_DF_251_251BDF0052_00667",
  "TP": 833,
  "TN": 183820,
  "FP": 7842,
  "FN": 3344,
  "Accuracy": 0.9428816527862173,
  "Precision": 0.09602305475504323,
  "Recall": 0.19942542494613358,
  "Specificity": 0.9590842211810374,
  "FPR": 0.04091577881896255,
  "FNR": 0.8005745750538664,
  "F1": 0.12962962962962962,
  "IoU": 0.06930693069306931,
  "Dice": 0.12962962962962962,
  "MCC": 0.11130381264080148
}