{
  "sample_id": "1093337_DF_251_251BDF0052_01595",
  "TP": 0,
  "TN": 195576,
  "FP": 44,
  "FN": 219,
  "Accuracy": 0.9986570601361322,
  "Precision": 0.0,
  "Recall": 0.0,
  "Specificity": 0.9997750741233002,
  "FPR": 0.00022492587669972394,
  "FNR": 1.0,
  "F1": 0.0,
  "IoU": 0.0,
  "Dice": 0.0,
  "MCC": -0.0005015808762853126
}