{
  "sample_id": "1093102_DF_251_251BDF0052_01123",
  "TP": 1349,
  "TN": 181505,
  "FP": 10114,
  "FN": 2871,
  "Accuracy": 0.9336955356185438,
  "Precision": 0.11768298002268167,
  "Recall": 0.31966824644549763,
  "Specificity": 0.9472181777381158,
  "FPR": 0.05278182226188426,
  "FNR": 0.6803317535545024,
  "F1": 0.17203341197474972,
  "IoU": 0.0941119017720106,
  "Dice": 0.17203341197474972,
  "MCC": 0.16508235376946787
}