{
  "sample_id": "1094242_DF_251_251BDF0052_03203",
  "TP": 126,
  "TN": 194220,
  "FP": 869,
  "FN": 624,
  "Accuracy": 0.9923763908108191,
  "Precision": 0.12663316582914572,
  "Recall": 0.168,
  "Specificity": 0.9955456227670448,
  "FPR": 0.004454377232955216,
  "FNR": 0.832,
  "F1": 0.14441260744985673,
  "IoU": 0.07782581840642372,
  "Dice": 0.14441260744985673,
  "MCC": 0.1420793263062282
}