{
  "sample_id": "1093203_DF_251_251BDF0052_01334",
  "TP": 16,
  "TN": 195478,
  "FP": 167,
  "FN": 178,
  "Accuracy": 0.9982383488477781,
  "Precision": 0.08743169398907104,
  "Recall": 0.08247422680412371,
  "Specificity": 0.9991464131462598,
  "FPR": 0.0008535868537401927,
  "FNR": 0.9175257731958762,
  "F1": 0.08488063660477453,
  "IoU": 0.0443213296398892,
  "Dice": 0.08488063660477453,
  "MCC": 0.08403556165696018
}