{
  "sample_id": "1093012_DF_251_251BDF0052_00966",
  "TP": 16,
  "TN": 195208,
  "FP": 294,
  "FN": 321,
  "Accuracy": 0.9968596653373434,
  "Precision": 0.05161290322580645,
  "Recall": 0.04747774480712166,
  "Specificity": 0.9984961790672218,
  "FPR": 0.0015038209327781812,
  "FNR": 0.9525222551928784,
  "F1": 0.04945904173106646,
  "IoU": 0.025356576862123614,
  "Dice": 0.04945904173106646,
  "MCC": 0.047930911564907155
}