{
  "sample_id": "1093507_DF_251_251BDF0052_01886",
  "TP": 906,
  "TN": 188136,
  "FP": 4879,
  "FN": 1918,
  "Accuracy": 0.9652929191836152,
  "Precision": 0.15661192739844426,
  "Recall": 0.32082152974504247,
  "Specificity": 0.9747221718519286,
  "FPR": 0.025277828148071394,
  "FNR": 0.6791784702549575,
  "F1": 0.2104774073643861,
  "IoU": 0.11761651304686485,
  "Dice": 0.2104774073643861,
  "MCC": 0.20809392237058283
}