{
  "sample_id": "1094275_DF_251_251BDF0052_03267",
  "TP": 10,
  "TN": 195058,
  "FP": 567,
  "FN": 204,
  "Accuracy": 0.9960630926424257,
  "Precision": 0.01733102253032929,
  "Recall": 0.04672897196261682,
  "Specificity": 0.9971015974440894,
  "FPR": 0.0028984025559105433,
  "FNR": 0.9532710280373832,
  "F1": 0.025284450063211124,
  "IoU": 0.012804097311139564,
  "Dice": 0.025284450063211124,
  "MCC": 0.02671772057629791
}