{
  "sample_id": "1092902_DF_251_251BDF0052_00771",
  "TP": 112,
  "TN": 191237,
  "FP": 3263,
  "FN": 1227,
  "Accuracy": 0.9770730038449951,
  "Precision": 0.033185185185185186,
  "Recall": 0.08364451082897685,
  "Specificity": 0.9832236503856041,
  "FPR": 0.016776349614395888,
  "FNR": 0.9163554891710232,
  "F1": 0.047518031395842174,
  "IoU": 0.024337244676227728,
  "Dice": 0.047518031395842174,
  "MCC": 0.04234068011983062
}