{
  "sample_id": "1094241_DF_251_251BDF0052_03202",
  "TP": 13,
  "TN": 194390,
  "FP": 1084,
  "FN": 352,
  "Accuracy": 0.9926674462185775,
  "Precision": 0.011850501367365542,
  "Recall": 0.03561643835616438,
  "Specificity": 0.9944545054585264,
  "FPR": 0.005545494541473546,
  "FNR": 0.9643835616438357,
  "F1": 0.017783857729138167,
  "IoU": 0.008971704623878536,
  "Dice": 0.017783857729138167,
  "MCC": 0.017378202947088233
}