{
  "sample_id": "1093000_DF_251_251BDF0052_00945",
  "TP": 73,
  "TN": 193702,
  "FP": 1209,
  "FN": 855,
  "Accuracy": 0.9894607304980111,
  "Precision": 0.05694227769110764,
  "Recall": 0.07866379310344827,
  "Specificity": 0.9937971689642965,
  "FPR": 0.006202831035703475,
  "FNR": 0.9213362068965517,
  "F1": 0.0660633484162896,
  "IoU": 0.034160037435657466,
  "Dice": 0.0660633484162896,
  "MCC": 0.06170620188851805
}