{
  "sample_id": "1092893_DF_251_251BDF0052_00755",
  "TP": 924,
  "TN": 187697,
  "FP": 4890,
  "FN": 2328,
  "Accuracy": 0.9631431941543819,
  "Precision": 0.15892672858617132,
  "Recall": 0.28413284132841327,
  "Specificity": 0.9746088780654977,
  "FPR": 0.02539112193450233,
  "FNR": 0.7158671586715867,
  "F1": 0.20383851753805426,
  "IoU": 0.11348563006632277,
  "Dice": 0.20383851753805426,
  "MCC": 0.19481048517907976
}