{
  "sample_id": "1092877_DF_251_251BDF0052_00727",
  "TP": 256,
  "TN": 191948,
  "FP": 1424,
  "FN": 2211,
  "Accuracy": 0.9814388349613713,
  "Precision": 0.1523809523809524,
  "Recall": 0.1037697608431293,
  "Specificity": 0.9926359555675072,
  "FPR": 0.007364044432492812,
  "FNR": 0.8962302391568707,
  "F1": 0.12346274415239933,
  "IoU": 0.065792855307119,
  "Dice": 0.12346274415239933,
  "MCC": 0.11658716757076287
}