{
  "sample_id": "1092881_DF_251_251BDF0052_00734",
  "TP": 219,
  "TN": 193642,
  "FP": 789,
  "FN": 1189,
  "Accuracy": 0.9898998667272607,
  "Precision": 0.21726190476190477,
  "Recall": 0.15553977272727273,
  "Specificity": 0.9959420051329263,
  "FPR": 0.004057994867073666,
  "FNR": 0.8444602272727273,
  "F1": 0.18129139072847683,
  "IoU": 0.09968138370505235,
  "Dice": 0.18129139072847683,
  "MCC": 0.1788484497363314
}