{
  "sample_id": "1092906_DF_251_251BDF0052_00778",
  "TP": 3188,
  "TN": 171515,
  "FP": 12369,
  "FN": 8767,
  "Accuracy": 0.8920746123090906,
  "Precision": 0.20492382850163912,
  "Recall": 0.26666666666666666,
  "Specificity": 0.9327347675708599,
  "FPR": 0.0672652324291401,
  "FNR": 0.7333333333333333,
  "F1": 0.23175341669089852,
  "IoU": 0.13106396974181878,
  "Dice": 0.23175341669089852,
  "MCC": 0.17653707621821774
}