{
  "sample_id": "1094543_DF_251_251BDF0052_03762",
  "TP": 53,
  "TN": 195117,
  "FP": 457,
  "FN": 212,
  "Accuracy": 0.9965839286352565,
  "Precision": 0.10392156862745099,
  "Recall": 0.2,
  "Specificity": 0.9976632885761911,
  "FPR": 0.0023367114238088908,
  "FNR": 0.8,
  "F1": 0.1367741935483871,
  "IoU": 0.07340720221606649,
  "Dice": 0.1367741935483871,
  "MCC": 0.1425725972714869
}