{
  "sample_id": "1092855_DF_251_251BDF0052_00689",
  "TP": 283,
  "TN": 190114,
  "FP": 3659,
  "FN": 1783,
  "Accuracy": 0.9722118679119073,
  "Precision": 0.07179096905124302,
  "Recall": 0.13697967086156826,
  "Specificity": 0.9811170802949843,
  "FPR": 0.018882919705015662,
  "FNR": 0.8630203291384317,
  "F1": 0.09420772303595207,
  "IoU": 0.04943231441048035,
  "Dice": 0.09420772303595207,
  "MCC": 0.08591269404735769
}