{
  "sample_id": "1092869_DF_251_251BDF0052_00713",
  "TP": 154,
  "TN": 192202,
  "FP": 1565,
  "FN": 1918,
  "Accuracy": 0.9822149827153938,
  "Precision": 0.089586969168121,
  "Recall": 0.07432432432432433,
  "Specificity": 0.9919232893113894,
  "FPR": 0.008076710688610548,
  "FNR": 0.9256756756756757,
  "F1": 0.08124505407544183,
  "IoU": 0.04234259004674182,
  "Dice": 0.08124505407544183,
  "MCC": 0.0726661150846711
}