{
  "sample_id": "1092939_DF_251_251BDF0052_00836",
  "TP": 1216,
  "TN": 182983,
  "FP": 8327,
  "FN": 3313,
  "Accuracy": 0.9405634219945976,
  "Precision": 0.12742324216703343,
  "Recall": 0.26849194082578937,
  "Specificity": 0.9564737860017772,
  "FPR": 0.043526213998222776,
  "FNR": 0.7315080591742107,
  "F1": 0.17282546901648663,
  "IoU": 0.09458618543870566,
  "Dice": 0.17282546901648663,
  "MCC": 0.1570515143082057
}