{
  "sample_id": "1092954_DF_251_251BDF0052_00863",
  "TP": 21,
  "TN": 195067,
  "FP": 338,
  "FN": 413,
  "Accuracy": 0.9961652173469023,
  "Precision": 0.0584958217270195,
  "Recall": 0.04838709677419355,
  "Specificity": 0.9982702592052404,
  "FPR": 0.0017297407947596019,
  "FNR": 0.9516129032258065,
  "F1": 0.05296343001261034,
  "IoU": 0.027202072538860103,
  "Dice": 0.05296343001261034,
  "MCC": 0.05129020507946391
}