{
  "sample_id": "1092940_DF_251_251BDF0052_00838",
  "TP": 448,
  "TN": 187158,
  "FP": 6180,
  "FN": 2053,
  "Accuracy": 0.9579603654021926,
  "Precision": 0.0675920337960169,
  "Recall": 0.17912834866053579,
  "Specificity": 0.9680352543214474,
  "FPR": 0.031964745678552585,
  "FNR": 0.8208716513394642,
  "F1": 0.09814875670938766,
  "IoU": 0.05160695772376454,
  "Dice": 0.09814875670938766,
  "MCC": 0.09138005779100798
}