{
  "sample_id": "1092900_DF_251_251BDF0052_00768",
  "TP": 823,
  "TN": 185548,
  "FP": 4552,
  "FN": 4916,
  "Accuracy": 0.9516541649007603,
  "Precision": 0.15311627906976744,
  "Recall": 0.1434047743509322,
  "Specificity": 0.9760547080483956,
  "FPR": 0.023945291951604417,
  "FNR": 0.8565952256490678,
  "F1": 0.14810149361166097,
  "IoU": 0.07997279175979011,
  "Dice": 0.14810149361166097,
  "MCC": 0.12332017000639388
}