{
  "sample_id": "1092851_DF_251_251BDF0052_00681",
  "TP": 1162,
  "TN": 182969,
  "FP": 5597,
  "FN": 6111,
  "Accuracy": 0.9402161979993771,
  "Precision": 0.17191892291759137,
  "Recall": 0.15976900866217517,
  "Specificity": 0.9703180849145657,
  "FPR": 0.029681915085434277,
  "FNR": 0.8402309913378249,
  "F1": 0.16562143671607754,
  "IoU": 0.0902874902874903,
  "Dice": 0.16562143671607754,
  "MCC": 0.134759279018595
}