{
  "sample_id": "1092870_DF_251_251BDF0052_00715",
  "TP": 364,
  "TN": 189458,
  "FP": 3278,
  "FN": 2739,
  "Accuracy": 0.9692757826582039,
  "Precision": 0.09994508511806699,
  "Recall": 0.11730583306477603,
  "Specificity": 0.9829922795948862,
  "FPR": 0.01700772040511373,
  "FNR": 0.882694166935224,
  "F1": 0.10793180133432172,
  "IoU": 0.05704435041529541,
  "Dice": 0.10793180133432172,
  "MCC": 0.09270897860970755
}