{
  "sample_id": "1096866_DF_070_070BDF0010_03480",
  "TP": 0,
  "TN": 195323,
  "FP": 217,
  "FN": 299,
  "Accuracy": 0.9973651826245028,
  "Precision": 0.0,
  "Recall": 0.0,
  "Specificity": 0.9988902526337322,
  "FPR": 0.0011097473662677712,
  "FNR": 1.0,
  "F1": 0.0,
  "IoU": 0.0,
  "Dice": 0.0,
  "MCC": -0.0013023832685704543
}