{
  "sample_id": "1094551_DF_251_251BDF0052_03777",
  "TP": 518,
  "TN": 190419,
  "FP": 2132,
  "FN": 2770,
  "Accuracy": 0.9749692349327764,
  "Precision": 0.19547169811320755,
  "Recall": 0.1575425790754258,
  "Specificity": 0.9889276087893597,
  "FPR": 0.011072391210640298,
  "FNR": 0.8424574209245742,
  "F1": 0.17446951835634894,
  "IoU": 0.09557195571955719,
  "Dice": 0.17446951835634894,
  "MCC": 0.1628823018141519
}