{
  "sample_id": "1092958_DF_251_251BDF0052_00870",
  "TP": 10,
  "TN": 194914,
  "FP": 190,
  "FN": 725,
  "Accuracy": 0.9953277947701938,
  "Precision": 0.05,
  "Recall": 0.013605442176870748,
  "Specificity": 0.9990261604067574,
  "FPR": 0.0009738395932425783,
  "FNR": 0.9863945578231292,
  "F1": 0.0213903743315508,
  "IoU": 0.010810810810810811,
  "Dice": 0.0213903743315508,
  "MCC": 0.024182015469382114
}