{
  "sample_id": "1094290_DF_251_251BDF0052_03295",
  "TP": 85,
  "TN": 193778,
  "FP": 1267,
  "FN": 709,
  "Accuracy": 0.9899100791977083,
  "Precision": 0.0628698224852071,
  "Recall": 0.1070528967254408,
  "Specificity": 0.9935040631649107,
  "FPR": 0.006495936835089339,
  "FNR": 0.8929471032745592,
  "F1": 0.07921714818266543,
  "IoU": 0.041242115477923336,
  "Dice": 0.07921714818266543,
  "MCC": 0.07717136152815882
}