{
  "sample_id": "1097248_DF_070_070BDF0010_04158",
  "TP": 127,
  "TN": 194047,
  "FP": 382,
  "FN": 1283,
  "Accuracy": 0.99149811835232,
  "Precision": 0.24950884086444008,
  "Recall": 0.09007092198581561,
  "Specificity": 0.9980352725159313,
  "FPR": 0.0019647274840687346,
  "FNR": 0.9099290780141844,
  "F1": 0.13236060448150078,
  "IoU": 0.07087053571428571,
  "Dice": 0.13236060448150078,
  "MCC": 0.14630297416138607
}