{
  "sample_id": "1094543_DF_251_251BDF0052_03762",
  "TP": 56,
  "TN": 195118,
  "FP": 456,
  "FN": 209,
  "Accuracy": 0.9966043535761518,
  "Precision": 0.109375,
  "Recall": 0.21132075471698114,
  "Specificity": 0.9976684017302914,
  "FPR": 0.0023315982697086524,
  "FNR": 0.7886792452830189,
  "F1": 0.14414414414414414,
  "IoU": 0.07766990291262135,
  "Dice": 0.14414414414414414,
  "MCC": 0.15044789952447954
}