{
  "sample_id": "1092894_DF_251_251BDF0052_00757",
  "TP": 742,
  "TN": 185948,
  "FP": 6992,
  "FN": 2157,
  "Accuracy": 0.9532830539371626,
  "Precision": 0.09594000517196793,
  "Recall": 0.2559503276992066,
  "Specificity": 0.9637607546387478,
  "FPR": 0.036239245361252205,
  "FNR": 0.7440496723007933,
  "F1": 0.13956550362080317,
  "IoU": 0.07501769285208776,
  "Dice": 0.13956550362080317,
  "MCC": 0.13623382632648
}