{
  "sample_id": "1093966_DF_251_251BDF0052_02690",
  "TP": 42,
  "TN": 194890,
  "FP": 335,
  "FN": 572,
  "Accuracy": 0.9953686446519845,
  "Precision": 0.11140583554376658,
  "Recall": 0.06840390879478828,
  "Specificity": 0.9982840312459982,
  "FPR": 0.0017159687540017929,
  "FNR": 0.9315960912052117,
  "F1": 0.08476286579212916,
  "IoU": 0.044257112750263436,
  "Dice": 0.08476286579212916,
  "MCC": 0.08505451247352658
}