{
  "sample_id": "1093004_DF_251_251BDF0052_00952",
  "TP": 361,
  "TN": 189602,
  "FP": 3370,
  "FN": 2506,
  "Accuracy": 0.9699957618247642,
  "Precision": 0.09675690163495042,
  "Recall": 0.1259155912103244,
  "Specificity": 0.9825363265136912,
  "FPR": 0.017463673486308895,
  "FNR": 0.8740844087896756,
  "F1": 0.10942709912094574,
  "IoU": 0.05788039121372455,
  "Dice": 0.10942709912094574,
  "MCC": 0.09528244251630305
}