{
  "sample_id": "1092871_DF_251_251BDF0052_00716",
  "TP": 194,
  "TN": 191307,
  "FP": 2317,
  "FN": 2021,
  "Accuracy": 0.9778491515990175,
  "Precision": 0.07726005575467941,
  "Recall": 0.08758465011286681,
  "Specificity": 0.9880335082427798,
  "FPR": 0.01196649175722018,
  "FNR": 0.9124153498871331,
  "F1": 0.08209902666102412,
  "IoU": 0.04280670785525154,
  "Dice": 0.08209902666102412,
  "MCC": 0.07107581034959938
}