{
  "sample_id": "1094912_DF_251_251BDF0052_04497",
  "TP": 244,
  "TN": 193259,
  "FP": 991,
  "FN": 1345,
  "Accuracy": 0.9880718345171289,
  "Precision": 0.19757085020242915,
  "Recall": 0.15355569540591568,
  "Specificity": 0.9948983268983269,
  "FPR": 0.0051016731016731015,
  "FNR": 0.8464443045940844,
  "F1": 0.17280453257790368,
  "IoU": 0.09457364341085271,
  "Dice": 0.17280453257790368,
  "MCC": 0.1682383774833798
}