{
  "sample_id": "1093340_DF_251_251BDF0052_01600",
  "TP": 31,
  "TN": 194153,
  "FP": 809,
  "FN": 846,
  "Accuracy": 0.9915491807045583,
  "Precision": 0.036904761904761905,
  "Recall": 0.03534777651083238,
  "Specificity": 0.9958504734255906,
  "FPR": 0.004149526574409372,
  "FNR": 0.9646522234891676,
  "F1": 0.0361094933022714,
  "IoU": 0.018386714116251483,
  "Dice": 0.0361094933022714,
  "MCC": 0.031874925634642566
}