{
  "sample_id": "1092965_DF_251_251BDF0052_00883",
  "TP": 380,
  "TN": 191410,
  "FP": 2069,
  "FN": 1980,
  "Accuracy": 0.9793248535787049,
  "Precision": 0.15516537362188648,
  "Recall": 0.16101694915254236,
  "Specificity": 0.9893063329870425,
  "FPR": 0.01069366701295748,
  "FNR": 0.8389830508474576,
  "F1": 0.15803701393221045,
  "IoU": 0.08579814856626779,
  "Dice": 0.15803701393221045,
  "MCC": 0.1476004796449879
}