{
  "sample_id": "1092964_DF_251_251BDF0052_00881",
  "TP": 1048,
  "TN": 179687,
  "FP": 12852,
  "FN": 2252,
  "Accuracy": 0.9228754231792442,
  "Precision": 0.07539568345323741,
  "Recall": 0.31757575757575757,
  "Specificity": 0.9332498870358733,
  "FPR": 0.06675011296412675,
  "FNR": 0.6824242424242424,
  "F1": 0.12186046511627907,
  "IoU": 0.06488360574541853,
  "Dice": 0.12186046511627907,
  "MCC": 0.1257239337507089
}