{
  "sample_id": "1093015_DF_251_251BDF0052_00971",
  "TP": 382,
  "TN": 190546,
  "FP": 2849,
  "FN": 2062,
  "Accuracy": 0.9749232788157619,
  "Precision": 0.11822965026307644,
  "Recall": 0.15630114566284778,
  "Specificity": 0.9852684919465343,
  "FPR": 0.014731508053465705,
  "FNR": 0.8436988543371522,
  "F1": 0.13462555066079296,
  "IoU": 0.07217079161156244,
  "Dice": 0.13462555066079296,
  "MCC": 0.1233779932578682
}