{
  "sample_id": "1092889_DF_251_251BDF0052_00748",
  "TP": 2414,
  "TN": 176957,
  "FP": 13194,
  "FN": 3274,
  "Accuracy": 0.9159105183339376,
  "Precision": 0.15466427473090721,
  "Recall": 0.42440225035161744,
  "Specificity": 0.9306130391110223,
  "FPR": 0.06938696088897771,
  "FNR": 0.5755977496483825,
  "F1": 0.2267092411720511,
  "IoU": 0.12784662641669314,
  "Dice": 0.2267092411720511,
  "MCC": 0.22013433375898656
}