{
  "sample_id": "1092948_DF_251_251BDF0052_00851",
  "TP": 1072,
  "TN": 185469,
  "FP": 6761,
  "FN": 2537,
  "Accuracy": 0.9525222248888118,
  "Precision": 0.13685688752712882,
  "Recall": 0.2970351898032696,
  "Specificity": 0.9648285907506633,
  "FPR": 0.03517140924933673,
  "FNR": 0.7029648101967304,
  "F1": 0.187379828701276,
  "IoU": 0.10337512054001928,
  "Dice": 0.187379828701276,
  "MCC": 0.17973371023240234
}