{
  "sample_id": "1092900_DF_251_251BDF0052_00768",
  "TP": 1679,
  "TN": 179573,
  "FP": 10527,
  "FN": 4060,
  "Accuracy": 0.9255153467899653,
  "Precision": 0.13755530067180075,
  "Recall": 0.2925596793866527,
  "Specificity": 0.9446238821672803,
  "FPR": 0.05537611783271962,
  "FNR": 0.7074403206133473,
  "F1": 0.1871273335190861,
  "IoU": 0.10322144350178286,
  "Dice": 0.1871273335190861,
  "MCC": 0.16547474080319652
}