{
  "sample_id": "1092857_DF_251_251BDF0052_00692",
  "TP": 445,
  "TN": 189224,
  "FP": 3288,
  "FN": 2882,
  "Accuracy": 0.9684945286689577,
  "Precision": 0.11920707206000536,
  "Recall": 0.1337541328524196,
  "Specificity": 0.982920545212766,
  "FPR": 0.017079454787234043,
  "FNR": 0.8662458671475805,
  "F1": 0.12606232294617564,
  "IoU": 0.0672713529856387,
  "Dice": 0.12606232294617564,
  "MCC": 0.11026367295324303
}