{
  "sample_id": "1093285_DF_251_251BDF0052_01476",
  "TP": 2,
  "TN": 195414,
  "FP": 164,
  "FN": 259,
  "Accuracy": 0.9978400625003191,
  "Precision": 0.012048192771084338,
  "Recall": 0.007662835249042145,
  "Specificity": 0.9991614598779004,
  "FPR": 0.0008385401220996227,
  "FNR": 0.9923371647509579,
  "F1": 0.00936768149882904,
  "IoU": 0.004705882352941176,
  "Dice": 0.00936768149882904,
  "MCC": 0.008554971331276022
}