{
  "sample_id": "1092942_DF_251_251BDF0052_00841",
  "TP": 248,
  "TN": 192406,
  "FP": 1682,
  "FN": 1503,
  "Accuracy": 0.9837366408120957,
  "Precision": 0.12849740932642487,
  "Recall": 0.14163335237007424,
  "Specificity": 0.99133382795433,
  "FPR": 0.008666172045670006,
  "FNR": 0.8583666476299258,
  "F1": 0.13474599293670197,
  "IoU": 0.07224002330323333,
  "Dice": 0.13474599293670197,
  "MCC": 0.1267095174234609
}