{
  "sample_id": "1092987_DF_251_251BDF0052_00921",
  "TP": 126,
  "TN": 193173,
  "FP": 1463,
  "FN": 1077,
  "Accuracy": 0.9870301625314671,
  "Precision": 0.07929515418502203,
  "Recall": 0.10473815461346633,
  "Specificity": 0.9924834049199531,
  "FPR": 0.007516595080046856,
  "FNR": 0.8952618453865336,
  "F1": 0.09025787965616046,
  "IoU": 0.047261815453863466,
  "Dice": 0.09025787965616046,
  "MCC": 0.08467681612156057
}